Date,Check,Amount,Purchase,Category,FOIA No,Link,Requested Date,First Response,Received Date,Muckrock Link
1/4/2010,14425,9423.8,computer purchase,routine,15-6708,14425.pdf,10/31/15,11/23/15,12/2/15,https://www.muckrock.com/foi/chicago-169/1505ml-checks-14425-through-14452-22173/
1/5/2010,14428,6297.69,server,routine,15-6708,14428.pdf,10/31/15,11/23/15,12/2/15,https://www.muckrock.com/foi/chicago-169/1505ml-checks-14425-through-14452-22173/
1/6/2010,14443,6292.58,at&t trunking,routine,15-6708,14443.pdf,10/31/15,11/23/15,12/2/15,https://www.muckrock.com/foi/chicago-169/1505ml-checks-14425-through-14452-22173/
1/6/2010,14445,128960.15,enterprise,routine,"15-6526, 15-6708",14445.pdf,10/31/15,11/23/15,12/2/15,https://www.muckrock.com/foi/chicago-169/1505ml-checks-14425-through-14452-22173/
1/12/2010,14452,34039.74,phones,routine,15-6708,14452.pdf,10/31/15,11/23/15,12/2/15,https://www.muckrock.com/foi/chicago-169/1505ml-checks-14425-through-14452-22173/
1/20/2010,14470,127087.81,enterprise,routine,15-6523,14470.pdf,11/2/15,11/9/15,11/17/15,https://www.muckrock.com/foi/chicago-169/1505ml-checks-14470-through-14501-22227/
1/21/2010,14471,8500.0,lexis nexis,routine,15-6523,14471.pdf,11/2/15,11/9/15,11/17/15,https://www.muckrock.com/foi/chicago-169/1505ml-checks-14470-through-14501-22227/
1/26/2010,14491,5695.0,lexis nexis,routine,15-6523,14491.pdf,11/2/15,11/9/15,11/17/15,https://www.muckrock.com/foi/chicago-169/1505ml-checks-14470-through-14501-22227/
2/1/2010,14497,6612.05,at&t trunking,routine,15-6523,14497.pdf,11/2/15,11/9/15,11/17/15,https://www.muckrock.com/foi/chicago-169/1505ml-checks-14470-through-14501-22227/
2/1/2010,14501,32894.0,independent audit 1505/657 funds,routine,15-6523,14501.pdf,11/2/15,11/9/15,11/17/15,https://www.muckrock.com/foi/chicago-169/1505ml-checks-14470-through-14501-22227/
2/3/2010,14506,38448.49,phones,routine,15-6526,14506.pdf,No data,No data,No data,No data
2/3/2010,14509,36673.28,phones,routine,15-6526,14509.pdf,No data,No data,No data,No data
2/17/2010,14535,8500.0,lexis nexis,routine,15-6526,14535.pdf,No data,No data,No data,No data
2/17/2010,14536,13720.0,alpr,surveillance,15-6526,14536.pdf,No data,No data,No data,No data
2/19/2010,14554,13968.0,ocd vision,?,15-6526,14554.pdf,No data,No data,No data,No data
2/19/2010,14555,11174.4,ocd vision,?,15-6526,14555.pdf,No data,No data,No data,No data
2/23/2010,14562,129240.15,enterprise,routine,P048638,14562.pdf,6/10/16,No data,6/20/16,Personal e-mail
2/23/2010,14568,5440.0,lexis nexis,routine,15-6526,14568.pdf,No data,No data,No data,No data
2/25/2010,14577,6383.2,k9s,routine,15-6526,14577.pdf,No data,No data,No data,No data
3/2/2010,14579,12436.24,car repair,routine,15-6526,14579.pdf,No data,No data,No data,No data
3/3/2010,14586,20174.65,car repair,routine,15-6526,14586.pdf,No data,No data,No data,No data
3/11/2010,14610,44750.0,computer purchase,routine,15-7046,14610.pdf,11/30/15,12/7/15,1/28/16,https://www.muckrock.com/foi/chicago-169/1505ml-checks-14610-through-14682-22502/
3/22/2010,14618,5780.0,lexis nexis,routine,15-7046,14618.pdf,11/30/15,12/7/15,1/28/16,https://www.muckrock.com/foi/chicago-169/1505ml-checks-14610-through-14682-22502/
3/22/2010,14619,8500.0,lexis nexis,routine,15-7046,14619.pdf,11/30/15,12/7/15,1/28/16,https://www.muckrock.com/foi/chicago-169/1505ml-checks-14610-through-14682-22502/
3/24/2010,14659,9000.0,ideoa training fee for 40 officers,routine,15-7046,14659.pdf,11/30/15,12/7/15,1/28/16,https://www.muckrock.com/foi/chicago-169/1505ml-checks-14610-through-14682-22502/
3/24/2010,14660,6180.66,repairs for forefeited vehicles,routine,15-7046,14660.pdf,11/30/15,12/7/15,1/28/16,https://www.muckrock.com/foi/chicago-169/1505ml-checks-14610-through-14682-22502/
3/24/2010,14661,146560.87,enterprise,routine,15-7046,14661.pdf,11/30/15,12/7/15,1/28/16,https://www.muckrock.com/foi/chicago-169/1505ml-checks-14610-through-14682-22502/
4/1/2010,14675,6612.05,at&t trunking,routine,15-7046,14675.pdf,11/30/15,12/7/15,1/28/16,https://www.muckrock.com/foi/chicago-169/1505ml-checks-14610-through-14682-22502/
4/1/2010,14678,13377.34,"unclear: ""utilized during narcotic related investigations""",?,15-7046,14678.pdf,11/30/15,12/7/15,1/28/16,https://www.muckrock.com/foi/chicago-169/1505ml-checks-14610-through-14682-22502/
4/1/2010,14681,12080.0,"unclear: ""utilized during narcotic related investigations""",?,15-7046,14681.pdf,11/30/15,12/7/15,1/28/16,https://www.muckrock.com/foi/chicago-169/1505ml-checks-14610-through-14682-22502/
4/1/2010,14682,6033.23,"hp monitors: ""data color spyder3""",routine,15-7046,14682.pdf,11/30/15,12/7/15,1/28/16,https://www.muckrock.com/foi/chicago-169/1505ml-checks-14610-through-14682-22502/
4/1/2010,14683,20100.0,star witness,routine,16-0005,14683.pdf,1/3/16,1/15/16,1/26/16,https://www.muckrock.com/foi/chicago-169/1505ml-checks-14683-through-14775-22816/
4/1/2010,14688,19348.81,phones,routine,16-0005,14688.pdf,1/3/16,1/15/16,1/26/16,https://www.muckrock.com/foi/chicago-169/1505ml-checks-14683-through-14775-22816/
4/7/2010,14695,36661.9,phones,routine,16-0005,14695.pdf,1/3/16,1/15/16,1/26/16,https://www.muckrock.com/foi/chicago-169/1505ml-checks-14683-through-14775-22816/
4/16/2010,14716,8500.0,lexis nexis,routine,16-0005,14716.pdf,1/3/16,1/15/16,1/26/16,https://www.muckrock.com/foi/chicago-169/1505ml-checks-14683-through-14775-22816/
4/21/2010,14722,5865.0,lexis nexis,routine,16-0005,14722.pdf,1/3/16,1/15/16,1/26/16,https://www.muckrock.com/foi/chicago-169/1505ml-checks-14683-through-14775-22816/
5/3/2010,14738,6612.05,at&t trunking,routine,16-0005,14738.pdf,1/3/16,1/15/16,1/26/16,https://www.muckrock.com/foi/chicago-169/1505ml-checks-14683-through-14775-22816/
5/5/2010,14754,117287.8,computer purchase,routine,16-0005,14754.pdf,1/3/16,1/15/16,1/26/16,https://www.muckrock.com/foi/chicago-169/1505ml-checks-14683-through-14775-22816/
5/5/2010,14757,134398.0,enterprise,routine,16-0005,14757.pdf,1/3/16,1/15/16,1/26/16,https://www.muckrock.com/foi/chicago-169/1505ml-checks-14683-through-14775-22816/
5/5/2010,14761,24600.0,filemaker,routine,16-0005,14761.pdf,1/3/16,1/15/16,1/26/16,https://www.muckrock.com/foi/chicago-169/1505ml-checks-14683-through-14775-22816/
5/11/2010,14775,73615.88,phones,routine,16-0005,14775.pdf,1/3/16,1/15/16,1/26/16,https://www.muckrock.com/foi/chicago-169/1505ml-checks-14683-through-14775-22816/
5/11/2010,14777,43316.1,phones,routine,15-7567,14777.pdf,No data,No data,No data,No data
5/21/2010,14784,8500.0,lexis nexis,routine,15-7567,14784.pdf,No data,No data,No data,No data
5/21/2010,14785,5865.0,lexis nexis,routine,15-7567,14785.pdf,No data,No data,No data,No data
5/24/2010,14811,9869.6,car repair,routine,15-7567,14811.pdf,No data,No data,No data,No data
5/24/2010,14812,11850.85,car repair,routine,15-7567,14812.pdf,No data,No data,No data,No data
5/25/2010,14813,301500.0,swat equipment,routine,15-7567,14813.pdf,No data,No data,No data,No data
5/25/2010,14814,33500.0,swat equipment,routine,15-7567,14814.pdf,No data,No data,No data,No data
5/26/2010,14826,5963.91,car repair,routine,15-7567,14826.pdf,No data,No data,No data,No data
6/8/2010,14870,8594.0,server,routine,15-7567,14870.pdf,No data,No data,No data,No data
6/14/2010,14874,59016.7,training equipment,routine,15-7567,14874.pdf,No data,No data,No data,No data
6/18/2010,14889,213754.83,49 vehicles,routine,16-00089,14889.pdf,No data,No data,No data,No data
6/21/2010,14892,8500.0,lexis nexis,routine,16-00089,14892.pdf,No data,No data,No data,No data
6/21/2010,14893,5790.5,lexis nexis,routine,16-00089,14893.pdf,No data,No data,No data,No data
6/21/2010,14894,251654.28,enterprise,routine,16-00089,14894.pdf,No data,No data,No data,No data
6/21/2010,14895,15661.93,enterprise,routine,16-00089,14895.pdf,No data,No data,No data,No data
7/12/2010,14944,20194.41,phones,routine,16-00089,14944.pdf,No data,No data,No data,No data
7/12/2010,14946,19241.49,phones,routine,16-00089,14946.pdf,No data,No data,No data,No data
7/13/2010,14948,36840.93,phones,routine,16-00089,14948.pdf,No data,No data,No data,No data
7/13/2010,14950,36968.82,phones,routine,16-00089,14950.pdf,No data,No data,No data,No data
7/13/2010,14952,37509.42,phones,routine,16-00089,14952.pdf,No data,No data,No data,No data
7/14/2010,14961,132593.39,enterprise,routine,16-0007,14961.pdf,No data,No data,No data,No data
7/19/2010,14969,8500.0,lexis nexis,routine,16-0007,14969.pdf,No data,No data,No data,No data
7/23/2010,14974,6080.5,lexis nexis,routine,16-0007,14974.pdf,No data,No data,No data,No data
7/23/2010,14976,8362.5,raid jacket,routine,16-0007,14976.pdf,No data,No data,No data,No data
8/2/2010,14998,5322.14,at&t trunking,routine,16-0007,14998.pdf,No data,No data,No data,No data
8/12/2010,15015,16366.35,gps trackers,surveillance,16-0007,15015.pdf,No data,No data,No data,No data
8/12/2010,15016,5220.0,black widow surveillance,surveillance,16-0007,15016.pdf,No data,No data,No data,No data
8/19/2010,15018,8500.0,lexis nexis,routine,16-0007,15018.pdf,No data,No data,No data,No data
8/20/2010,15022,5960.5,lexis nexis,routine,16-0007,15022.pdf,No data,No data,No data,No data
8/25/2010,15038,5740.81,at&t trunking,routine,16-0007,15038.pdf,No data,No data,No data,No data
9/2/2010,15062,115146.65,enterprise,routine,16-0191,15062.pdf,1/10/16,1/19/16,1/27/16,https://www.muckrock.com/foi/chicago-169/1505-checks-15062-to-15127-23356/#comms
9/2/2010,15063,23599.34,enterprise,routine,16-0191,15063.pdf,1/10/16,1/19/16,1/27/16,https://www.muckrock.com/foi/chicago-169/1505-checks-15062-to-15127-23356/#comms
9/14/2010,15094,6558.3,training equipment,routine,16-0191,15094.pdf,1/10/16,1/19/16,1/27/16,https://www.muckrock.com/foi/chicago-169/1505-checks-15062-to-15127-23356/#comms
9/22/2010,15107,8500.0,lexis nexis,routine,16-0191,15107.pdf,1/10/16,1/19/16,1/27/16,https://www.muckrock.com/foi/chicago-169/1505-checks-15062-to-15127-23356/#comms
9/24/2010,15112,7644.0,gps air time,routine,16-0191,15112.pdf,1/10/16,1/19/16,1/27/16,https://www.muckrock.com/foi/chicago-169/1505-checks-15062-to-15127-23356/#comms
9/24/2010,15113,5929.75,lexis nexis,routine,16-0191,15113.pdf,1/10/16,1/19/16,1/27/16,https://www.muckrock.com/foi/chicago-169/1505-checks-15062-to-15127-23356/#comms
9/24/2010,15114,5092.67,car repair,routine,16-0191,15114.pdf,1/10/16,1/19/16,1/27/16,https://www.muckrock.com/foi/chicago-169/1505-checks-15062-to-15127-23356/#comms
9/27/2010,15120,9600.0,car repair,routine,16-0191,15120.pdf,1/10/16,1/19/16,1/27/16,https://www.muckrock.com/foi/chicago-169/1505-checks-15062-to-15127-23356/#comms
9/27/2010,15121,16075.0,camera equipment,surveillance,16-0191,15121.pdf,1/10/16,1/19/16,1/27/16,https://www.muckrock.com/foi/chicago-169/1505-checks-15062-to-15127-23356/#comms
9/29/2010,15127,157300.0,stingray,surveillance,16-0191,15127.pdf,1/10/16,1/19/16,1/27/16,https://www.muckrock.com/foi/chicago-169/1505-checks-15062-to-15127-23356/#comms
10/1/2010,15139,7060.0,postal equipment,routine,16-0190,15139.pdf,1/10/16,1/20/16,1/27/16,https://www.muckrock.com/foi/chicago-169/1505-checks-15139-to-15179-23357/#comms
10/7/2010,15150,5326.62,car repair,routine,16-0190,15150.pdf,1/10/16,1/20/16,1/27/16,https://www.muckrock.com/foi/chicago-169/1505-checks-15139-to-15179-23357/#comms
10/7/2010,15155,125941.02,enterprise,routine,16-0190,15155.pdf,1/10/16,1/20/16,1/27/16,https://www.muckrock.com/foi/chicago-169/1505-checks-15139-to-15179-23357/#comms
10/8/2010,15157,205000.0,pods,surveillance,16-0190,15157.pdf,1/10/16,1/20/16,1/27/16,https://www.muckrock.com/foi/chicago-169/1505-checks-15139-to-15179-23357/#comms
10/20/2010,15164,38822.2,phones,routine,16-0190,15164.pdf,1/10/16,1/20/16,1/27/16,https://www.muckrock.com/foi/chicago-169/1505-checks-15139-to-15179-23357/#comms
10/20/2010,15166,40339.26,phones,routine,16-0190,15166.pdf,1/10/16,1/20/16,1/27/16,https://www.muckrock.com/foi/chicago-169/1505-checks-15139-to-15179-23357/#comms
10/20/2010,15168,21521.02,phones,routine,16-0190,15168.pdf,1/10/16,1/20/16,1/27/16,https://www.muckrock.com/foi/chicago-169/1505-checks-15139-to-15179-23357/#comms
10/20/2010,15169,21538.0,phones,routine,16-0190,15169.pdf,1/10/16,1/20/16,1/27/16,https://www.muckrock.com/foi/chicago-169/1505-checks-15139-to-15179-23357/#comms
10/20/2010,15170,21073.6,phones,routine,16-0190,15170.pdf,1/10/16,1/20/16,1/27/16,https://www.muckrock.com/foi/chicago-169/1505-checks-15139-to-15179-23357/#comms
10/21/2010,15179,8500.0,lexis nexis,routine,16-0190,15179.pdf,1/10/16,1/20/16,1/27/16,https://www.muckrock.com/foi/chicago-169/1505-checks-15139-to-15179-23357/#comms
10/21/2010,15180,41433.29,phones,routine,16-0189,15180.pdf,1/10/16,1/20/16,1/27/16,https://www.muckrock.com/foi/chicago-169/1505-checks-15180-to-15232-23358/
10/22/2010,15182,5881.0,lexis nexis,routine,16-0189,15182.pdf,1/10/16,1/20/16,1/27/16,https://www.muckrock.com/foi/chicago-169/1505-checks-15180-to-15232-23358/
10/22/2010,15183,5239.08,gang intelligence reporting,routine,16-0189,15183.pdf,1/10/16,1/20/16,1/27/16,https://www.muckrock.com/foi/chicago-169/1505-checks-15180-to-15232-23358/
10/22/2010,15184,5487.4,audio / video supplies,routine,16-0189,15184.pdf,1/10/16,1/20/16,1/27/16,https://www.muckrock.com/foi/chicago-169/1505-checks-15180-to-15232-23358/
10/27/2010,15196,5494.61,trunking,routine,16-0189,15196.pdf,1/10/16,1/20/16,1/27/16,https://www.muckrock.com/foi/chicago-169/1505-checks-15180-to-15232-23358/
11/1/2010,15204,14790.0,redacted,redacted,16-0189,15204.pdf,1/10/16,1/20/16,1/27/16,https://www.muckrock.com/foi/chicago-169/1505-checks-15180-to-15232-23358/
11/1/2010,15205,5240.0,pinhole cameras,surveillance,16-0189,15205.pdf,1/10/16,1/20/16,1/27/16,https://www.muckrock.com/foi/chicago-169/1505-checks-15180-to-15232-23358/
11/9/2010,15219,128055.19,enterprise,routine,16-0189,15219.pdf,1/10/16,1/20/16,1/27/16,https://www.muckrock.com/foi/chicago-169/1505-checks-15180-to-15232-23358/
11/16/2010,15231,11840.0,pinhole camera,surveillance,16-0189,15231.pdf,1/10/16,1/20/16,1/27/16,https://www.muckrock.com/foi/chicago-169/1505-checks-15180-to-15232-23358/
11/17/2010,15232,8500.0,lexis nexis,routine,16-0189,15232.pdf,1/10/16,1/20/16,1/27/16,https://www.muckrock.com/foi/chicago-169/1505-checks-15180-to-15232-23358/
11/29/2010,15237,5959.0,lexis nexis,routine,15-0583,15237.pdf,1/16/16,2/1/16,2/9/16,https://www.muckrock.com/foi/chicago-169/1505-checks-15244-to-15282-23486/#comms
12/1/2010,15244,38929.58,phones,routine,15-0583,15244.pdf,1/16/16,2/1/16,2/9/16,https://www.muckrock.com/foi/chicago-169/1505-checks-15244-to-15282-23486/#comms
12/2/2010,15249,6918.14,vehicle repairs,routine,15-0583,15249.pdf,1/16/16,2/1/16,2/9/16,https://www.muckrock.com/foi/chicago-169/1505-checks-15244-to-15282-23486/#comms
12/7/2010,15261,41809.32,phones,routine,15-0583,15261.pdf,1/16/16,2/1/16,2/9/16,https://www.muckrock.com/foi/chicago-169/1505-checks-15244-to-15282-23486/#comms
12/15/2010,15281,8500.0,lexis nexis,routine,15-0583,15281.pdf,1/16/16,2/1/16,2/9/16,https://www.muckrock.com/foi/chicago-169/1505-checks-15244-to-15282-23486/#comms
12/15/2010,15282,5326.62,vehicle repairs,routine,15-0583,15282.pdf,1/16/16,2/1/16,2/9/16,https://www.muckrock.com/foi/chicago-169/1505-checks-15244-to-15282-23486/#comms
12/15/2010,15283,130550.33,enterprise,routine,16-0584,15283.pdf,No data,No data,No data,No data
1/3/2011,15298,8019.93,t1 internet access,routine,16-0584,15298.pdf,No data,No data,No data,No data
1/5/2011,15300,5895.0,lexis nexis,routine,16-0584,15300.pdf,No data,No data,No data,No data
1/7/2011,15303,42539.01,phones,routine,16-0584,15303.pdf,No data,No data,No data,No data
1/10/2011,15304,21406.17,phones,routine,16-0584,15304.pdf,No data,No data,No data,No data
1/10/2011,15305,5355.0,camera equipment,surveillance,16-0584,15305.pdf,No data,No data,No data,No data
1/21/2011,15318,8500.0,lexis nexis,routine,16-0584,15318.pdf,No data,No data,No data,No data
1/21/2011,15325,5938.04,vehicle repairs,routine,16-0584,15325.pdf,No data,No data,No data,No data
1/25/2011,15339,5655.5,lexis nexis,routine,16-0584,15339.pdf,No data,No data,No data,No data
2/1/2011,15350,129615.73,enterprise,routine,16-0584,15350.pdf,No data,No data,No data,No data
2/7/2011,15363,14028.3,gps trackers,surveillance,16-0585,15363.pdf,1/16/16,2/1/16,2/9/16,https://www.muckrock.com/foi/chicago-169/1505-checks-15363-to-15426-23484/
2/9/2011,15364,5586.0,hard drives,routine,16-0585,15364.pdf,1/16/16,2/1/16,2/9/16,https://www.muckrock.com/foi/chicago-169/1505-checks-15363-to-15426-23484/
2/16/2011,15376,42032.02,phones,routine,16-0585,15376.pdf,1/16/16,2/1/16,2/9/16,https://www.muckrock.com/foi/chicago-169/1505-checks-15363-to-15426-23484/
2/18/2011,15378,129509.8,enterprise,routine,16-0585,15378.pdf,1/16/16,2/1/16,2/9/16,https://www.muckrock.com/foi/chicago-169/1505-checks-15363-to-15426-23484/
2/18/2011,15379,8500.0,lexis nexis,routine,16-0585,15379.pdf,1/16/16,2/1/16,2/9/16,https://www.muckrock.com/foi/chicago-169/1505-checks-15363-to-15426-23484/
3/1/2011,15388,5818.75,lexis nexis,routine,16-0585,15388.pdf,1/16/16,2/1/16,2/9/16,https://www.muckrock.com/foi/chicago-169/1505-checks-15363-to-15426-23484/
3/4/2011,15411,135384.6,enterprise,routine,16-0585,15411.pdf,1/16/16,2/1/16,2/9/16,https://www.muckrock.com/foi/chicago-169/1505-checks-15363-to-15426-23484/
3/9/2011,15415,138866.0,pen-link pen registers,surveillance,16-0585,15415.pdf,1/16/16,2/1/16,2/9/16,https://www.muckrock.com/foi/chicago-169/1505-checks-15363-to-15426-23484/
3/10/2011,15417,21171.97,phones,routine,16-0585,15417.pdf,1/16/16,2/1/16,2/9/16,https://www.muckrock.com/foi/chicago-169/1505-checks-15363-to-15426-23484/
3/17/2011,15426,8500.0,lexis nexis,routine,16-0585,15426.pdf,1/16/16,2/1/16,2/9/16,https://www.muckrock.com/foi/chicago-169/1505-checks-15363-to-15426-23484/
3/23/2011,15499,133693.88,enterprise,routine,16-0586,15499.pdf,1/16/16,2/1/16,2/9/16,https://www.muckrock.com/foi/chicago-169/1505-checks-15499-to-15565-23483/
3/24/2011,15501,16464.34,vehicle repair,routine,16-0586,15501.pdf,1/16/16,2/1/16,2/9/16,https://www.muckrock.com/foi/chicago-169/1505-checks-15499-to-15565-23483/
3/25/2011,15512,20957.55,phones,routine,16-0586,15512.pdf,1/16/16,2/1/16,2/9/16,https://www.muckrock.com/foi/chicago-169/1505-checks-15499-to-15565-23483/
4/1/2011,15516,5817.0,lexis nexis,surveillance,16-0586,15516.pdf,1/16/16,2/1/16,2/9/16,https://www.muckrock.com/foi/chicago-169/1505-checks-15499-to-15565-23483/
4/18/2011,15548,6000.0,trap and trace,surveillance,16-0586,15548.pdf,1/16/16,2/1/16,2/9/16,https://www.muckrock.com/foi/chicago-169/1505-checks-15499-to-15565-23483/
4/18/2011,15553,5042.55,drug testing,routine,16-0586,15553.pdf,1/16/16,2/1/16,2/9/16,https://www.muckrock.com/foi/chicago-169/1505-checks-15499-to-15565-23483/
4/18/2011,15557,6600.24,vehicle repair,routine,16-0586,15557.pdf,1/16/16,2/1/16,2/9/16,https://www.muckrock.com/foi/chicago-169/1505-checks-15499-to-15565-23483/
4/19/2011,15558,131498.37,enterprise,routine,16-0586,15558.pdf,1/16/16,2/1/16,2/9/16,https://www.muckrock.com/foi/chicago-169/1505-checks-15499-to-15565-23483/
4/21/2011,15561,8500.0,lexis nexis,routine,16-0586,15561.pdf,1/16/16,2/1/16,2/9/16,https://www.muckrock.com/foi/chicago-169/1505-checks-15499-to-15565-23483/
4/21/2011,15565,5720.5,lexis nexis,routine,16-0586,15565.pdf,1/16/16,2/1/16,2/9/16,https://www.muckrock.com/foi/chicago-169/1505-checks-15499-to-15565-23483/
4/25/2011,15569,42855.57,phones,routine,16-0587,15569.pdf,1/16/16,2/1/16,2/9/16,https://www.muckrock.com/foi/chicago-169/1505-checks-15569-to-15694-23482/
4/27/2011,15589,40796.45,phones,routine,16-0587,15589.pdf,1/16/16,2/1/16,2/9/16,https://www.muckrock.com/foi/chicago-169/1505-checks-15569-to-15694-23482/
5/9/2011,15635,20348.64,phones,routine,16-0587,15635.pdf,1/16/16,2/1/16,2/9/16,https://www.muckrock.com/foi/chicago-169/1505-checks-15569-to-15694-23482/
5/11/2011,15639,38328.54,phones,routine,16-0587,15639.pdf,1/16/16,2/1/16,2/9/16,https://www.muckrock.com/foi/chicago-169/1505-checks-15569-to-15694-23482/
5/13/2011,15647,8500.0,lexis nexis,routine,16-0587,15647.pdf,1/16/16,2/1/16,2/9/16,https://www.muckrock.com/foi/chicago-169/1505-checks-15569-to-15694-23482/
5/23/2011,15664,135435.75,enterprise,routine,16-0587,15664.pdf,1/16/16,2/1/16,2/9/16,https://www.muckrock.com/foi/chicago-169/1505-checks-15569-to-15694-23482/
5/23/2011,15665,20759.59,phones,routine,16-0587,15665.pdf,1/16/16,2/1/16,2/9/16,https://www.muckrock.com/foi/chicago-169/1505-checks-15569-to-15694-23482/
5/24/2011,15672,19020.34,phones,routine,16-0587,15672.pdf,1/16/16,2/1/16,2/9/16,https://www.muckrock.com/foi/chicago-169/1505-checks-15569-to-15694-23482/
6/1/2011,15692,6336.28,vehicle repair,routine,16-0587,15692.pdf,1/16/16,2/1/16,2/9/16,https://www.muckrock.com/foi/chicago-169/1505-checks-15569-to-15694-23482/
6/1/2011,15694,35108.95,phones,routine,16-0587,15694.pdf,1/16/16,2/1/16,2/9/16,https://www.muckrock.com/foi/chicago-169/1505-checks-15569-to-15694-23482/
6/2/2011,15698,5971.25,lexis nexis,routine,P048638,15698.pdf,6/10/16,No data,6/20/16,Personal e-mail
6/3/2011,15704,6385.5,windows administrator training,routine,P048638,15704.pdf,6/10/16,No data,6/20/16,Personal e-mail
6/6/2011,15711,14028.3,freight security trackers,surveillance,P048638,15711.pdf,6/10/16,No data,6/20/16,Personal e-mail
6/14/2011,15721,19451.28,phones,routine,P048638,15721.pdf,6/10/16,No data,6/20/16,Personal e-mail
6/16/2011,15724,8500.0,lexis nexis,routine,P048638,15724.pdf,6/10/16,No data,6/20/16,Personal e-mail
6/16/2011,15726,5500.0,us cellular pen register coverage,surveillance,P048638,15726.pdf,6/10/16,No data,6/20/16,Personal e-mail
6/23/2011,15745,129020.01,enterprise,routine,P048638,15745.pdf,6/10/16,No data,6/20/16,Personal e-mail
6/27/2011,15747,11245.0,dell storage array,routine,P048638,15747.pdf,6/10/16,No data,6/20/16,Personal e-mail
7/8/2011,15763,5901.0,lexis nexis,routine,P048638,15763.pdf,6/10/16,No data,6/20/16,Personal e-mail
7/25/2011,15778,16746.28,verizon wireless,routine,P049387,15778.PDF,7/5/16,7/12/16,7/12/16,https://www.muckrock.com/foi/chicago-169/1505ml-checks-15778-15894-26668/
8/4/2011,15786,44520.0,"unclear, bought from research electronics international",surveillance?,16-0278,15786.pdf,1/13/16,1/27/16,1/27/16,https://www.muckrock.com/foi/chicago-169/cpd-1505-checks-15786-through-15826-23445/
8/4/2011,15788,128777.97,enterprise,routine,16-0278,15788.pdf,1/13/16,1/27/16,1/27/16,https://www.muckrock.com/foi/chicago-169/cpd-1505-checks-15786-through-15826-23445/
8/8/2011,15793,9625.0,t-mobile (for pen register investigation),surveillance,16-0278,15793.pdf,1/13/16,1/27/16,1/27/16,https://www.muckrock.com/foi/chicago-169/cpd-1505-checks-15786-through-15826-23445/
8/8/2011,15801,33617.49,phones,routine,16-0278,15801.pdf,1/13/16,1/27/16,1/27/16,https://www.muckrock.com/foi/chicago-169/cpd-1505-checks-15786-through-15826-23445/
8/8/2011,15802,30977.4,phones,routine,16-0278,15802.pdf,1/13/16,1/27/16,1/27/16,https://www.muckrock.com/foi/chicago-169/cpd-1505-checks-15786-through-15826-23445/
8/16/2011,15805,5552.5,lexis nexis,routine,16-0278,15805.odf,1/13/16,1/27/16,1/27/16,https://www.muckrock.com/foi/chicago-169/cpd-1505-checks-15786-through-15826-23445/
8/16/2011,15809,27407.53,phones,routine,16-0278,15809.pdf,1/13/16,1/27/16,1/27/16,https://www.muckrock.com/foi/chicago-169/cpd-1505-checks-15786-through-15826-23445/
8/17/2011,15810,8500.0,lexis nexis,routine,16-0278,15810.pdf,1/13/16,1/27/16,1/27/16,https://www.muckrock.com/foi/chicago-169/cpd-1505-checks-15786-through-15826-23445/
8/17/2011,15812,17960.19,phones,routine,16-0278,15826.pdf,1/13/16,1/27/16,1/27/16,https://www.muckrock.com/foi/chicago-169/cpd-1505-checks-15786-through-15826-23445/
8/26/2011,15826,8500.0,lexis nexis,routine,16-0278,15826.pdf,1/13/16,1/27/16,1/27/16,https://www.muckrock.com/foi/chicago-169/cpd-1505-checks-15786-through-15826-23445/
9/1/2011,15830,5955.39,at&t trunking,routine,P049387,15830.PDF,7/5/16,7/12/16,7/12/16,https://www.muckrock.com/foi/chicago-169/1505ml-checks-15778-15894-26668/
9/1/2011,15836,5200.0,t mobile,pen registers,P049387,15836.pdf,7/5/16,7/12/16,7/12/16,https://www.muckrock.com/foi/chicago-169/1505ml-checks-15778-15894-26668/
9/1/2011,15847,138467.13,enterprise,routine,P049387,15847.pdf,7/5/16,7/12/16,7/12/16,https://www.muckrock.com/foi/chicago-169/1505ml-checks-15778-15894-26668/
9/13/2011,15860,17309.03,verizon wireless,routine,P049387,15860.pdf,7/5/16,7/12/16,7/12/16,https://www.muckrock.com/foi/chicago-169/1505ml-checks-15778-15894-26668/
9/14/2011,15861,6275.0,us cellular pen register coverage,routine?,P049387,15861.pdf,7/5/16,7/12/16,7/12/16,https://www.muckrock.com/foi/chicago-169/1505ml-checks-15778-15894-26668/
9/14/2011,15871,19857.56,sprint,routine,P049387,15871.pdf,7/5/16,7/12/16,7/12/16,https://www.muckrock.com/foi/chicago-169/1505ml-checks-15778-15894-26668/
10/3/2011,15886,47000.0,research electronics international,??,P049387,15886.pdf,7/5/16,7/12/16,7/12/16,https://www.muckrock.com/foi/chicago-169/1505ml-checks-15778-15894-26668/
10/3/2011,15893,5569.25,unlimited web access to? payable to?,??,P049387,15893.pdf,7/5/16,7/12/16,7/12/16,https://www.muckrock.com/foi/chicago-169/1505ml-checks-15778-15894-26668/
10/3/2011,15894,8500.0,unlimited web access to public record payable to?,?,P049387,15894.pdf,7/5/16,7/12/16,7/12/16,https://www.muckrock.com/foi/chicago-169/1505ml-checks-15778-15894-26668/
10/12/2011,15908,25256.23,sprint,routine,P049388,15908.pdf,7/5/16,7/12/16,7/12/16,https://www.muckrock.com/foi/chicago-169/1505ml-checks-15908-15970-26669/
10/19/2011,15913,8500.0,unlimited web access to public record payable to?,??,P049388,15913.pdf,7/5/16,7/12/16,7/12/16,https://www.muckrock.com/foi/chicago-169/1505ml-checks-15908-15970-26669/
11/1/2011,15921,23750.0,research electronics international,??,P049388,15921.pdf,7/5/16,7/12/16,7/12/16,https://www.muckrock.com/foi/chicago-169/1505ml-checks-15908-15970-26669/
11/1/2011,15924,17861.19,verizon wireless,routine,P049388,15924.pdf,7/5/16,7/12/16,7/12/16,https://www.muckrock.com/foi/chicago-169/1505ml-checks-15908-15970-26669/
11/7/2011,15950,8518.12,car repair,routine,P049388,15950.pdf,7/5/16,7/12/16,7/12/16,https://www.muckrock.com/foi/chicago-169/1505ml-checks-15908-15970-26669/
11/15/2011,15959,6002.0,lexis nexis,routine,P049388,15959.pdf,7/5/16,7/12/16,7/12/16,https://www.muckrock.com/foi/chicago-169/1505ml-checks-15908-15970-26669/
11/15/2011,15960,25445.03,sprint phones,routine,P049388,15960.pdf,7/5/16,7/12/16,7/12/16,https://www.muckrock.com/foi/chicago-169/1505ml-checks-15908-15970-26669/
11/15/2011,15961,17058.97,verizon wireless,routine,P049388,15961.pdf,7/5/16,7/12/16,7/12/16,https://www.muckrock.com/foi/chicago-169/1505ml-checks-15908-15970-26669/
11/16/2011,15964,7828.0,sandoval custom creations for ?? cameral and ??,???,P049388,15964.pdf,7/5/16,7/12/16,7/12/16,https://www.muckrock.com/foi/chicago-169/1505ml-checks-15908-15970-26669/
11/16/2011,15970,8500.0,?? web access,???,P049388,15970.pdf,7/5/16,7/12/16,7/12/16,https://www.muckrock.com/foi/chicago-169/1505ml-checks-15908-15970-26669/
11/16/2011,15971,11392.5,?? web access,???,P049389,15971.pdf,1/5/16,7/18/16,7/18/16,https://www.muckrock.com/foi/chicago-169/1505-checks-15980-to-16046-23261/
11/23/2011,15980,17240.45,cpd dept of fleet mngmt,routine,P049389,15980.PDF,1/5/16,7/18/16,7/18/16,https://www.muckrock.com/foi/chicago-169/1505-checks-15980-to-16046-23261/
12/27/2011,16005,14388.0,freight security net,???,P049389,16005.PDF,1/5/16,7/18/16,7/18/16,https://www.muckrock.com/foi/chicago-169/1505-checks-15980-to-16046-23261/
12/27/2011,16006,7500.0,keyw corporation of hanover,???,P049389,16006.PDF,1/5/16,7/18/16,7/18/16,https://www.muckrock.com/foi/chicago-169/1505-checks-15980-to-16046-23261/
1/3/2012,16012,8505.5,subscription to ?? web access,???,P049389,16012.PDF,1/5/16,7/18/16,7/18/16,https://www.muckrock.com/foi/chicago-169/1505-checks-15980-to-16046-23261/
1/11/2012,16027,6160.0,subscription to ?? web access,???,P049389,16027.PDF,1/5/16,7/18/16,7/18/16,https://www.muckrock.com/foi/chicago-169/1505-checks-15980-to-16046-23261/
1/18/2012,16042,25292.15,sprint,routine,P049389,16042.PDF,1/5/16,7/18/16,7/18/16,https://www.muckrock.com/foi/chicago-169/1505-checks-15980-to-16046-23261/
1/18/2012,16043,25577.62,sprint,routine,P049389,16043.PDF,1/5/16,7/18/16,7/18/16,https://www.muckrock.com/foi/chicago-169/1505-checks-15980-to-16046-23261/
1/18/2012,16044,16555.49,verizon wireless,routine,P049389,16044.PDF,1/5/16,7/18/16,7/18/16,https://www.muckrock.com/foi/chicago-169/1505-checks-15980-to-16046-23261/
1/18/2012,16045,17420.76,verizon wireless,routine,P049389,16045.PDF,1/5/16,7/18/16,7/18/16,https://www.muckrock.com/foi/chicago-169/1505-checks-15980-to-16046-23261/
1/19/2012,16046,8500.0,?? web access,???,P049389,16046.PDF,1/5/16,7/18/16,7/18/16,https://www.muckrock.com/foi/chicago-169/1505-checks-15980-to-16046-23261/
1/23/2012,16050,164190.27,enterprise,routine,16-0006,16050.pdf,1/3/16,1/15/16,1/26/16,https://www.muckrock.com/foi/chicago-169/1505-checks-16050-to-16104-23255/
1/26/2012,16056,138866.0,penlink,surveillance,16-0006,16056.pdf,1/3/16,1/15/16,1/26/16,https://www.muckrock.com/foi/chicago-169/1505-checks-16050-to-16104-23255/
2/1/2012,16062,6097.0,lexis nexis,routine,16-0006,16062.pdf,1/3/16,1/15/16,1/26/16,https://www.muckrock.com/foi/chicago-169/1505-checks-16050-to-16104-23255/
2/1/2012,16066,5718.54,car repair,routine,16-0006,16066.pdf,1/3/16,1/15/16,1/26/16,https://www.muckrock.com/foi/chicago-169/1505-checks-16050-to-16104-23255/
2/1/2012,16073,126310.34,enterprise,routine,16-0006,16073.pdf,1/3/16,1/15/16,1/26/16,https://www.muckrock.com/foi/chicago-169/1505-checks-16050-to-16104-23255/
2/7/2012,16083,8240.65,car repair,routine,16-0006,16083.pdf,1/3/16,1/15/16,1/26/16,https://www.muckrock.com/foi/chicago-169/1505-checks-16050-to-16104-23255/
2/10/2012,16090,25684.42,phones,routine,16-0006,16090.pdf,1/3/16,1/15/16,1/26/16,https://www.muckrock.com/foi/chicago-169/1505-checks-16050-to-16104-23255/
2/16/2012,16092,17276.52,phones,routine,16-0006,16092.pdf,1/3/16,1/15/16,1/26/16,https://www.muckrock.com/foi/chicago-169/1505-checks-16050-to-16104-23255/
2/23/2012,16102,8503.5,lexis nexis,routine,16-0006,16102.pdf,1/3/16,1/15/16,1/26/16,https://www.muckrock.com/foi/chicago-169/1505-checks-16050-to-16104-23255/
2/27/2012,16104,71408.31,enterprise,routine,16-0006,16104.pdf,1/3/16,1/15/16,1/26/16,https://www.muckrock.com/foi/chicago-169/1505-checks-16050-to-16104-23255/
3/6/2012,16130,117007.63,enterprise,routine,P049389,16130.PDF,7/5/16,7/18/16,7/18/16,https://www.muckrock.com/foi/chicago-169/1505ml-checks-15971-16130-26670/
3/6/2012,16131,6262.55,no data,no data,P049297,No data,No data,No data,No data,https://www.muckrock.com/foi/chicago-169/1505ml-checks-16131-16777-26591/
3/9/2012,16144,25553.83,sprint services,routine,P049297,16144.PDF,7/1/16,7/11/16,7/14/16,https://www.muckrock.com/foi/chicago-169/1505ml-checks-16131-16777-26591/
3/14/2012,16150,8501.5,??????,unlimtd web acceess to??,P049297,16150.PDF,7/1/16,7/11/16,7/14/16,https://www.muckrock.com/foi/chicago-169/1505ml-checks-16131-16777-26591/
3/14/2012,16151,18244.1,verizon wireless,new phone equipment,P049297,16151.PDF,7/1/16,7/11/16,7/14/16,https://www.muckrock.com/foi/chicago-169/1505ml-checks-16131-16777-26591/
3/16/2012,16152,6960.0,??????,field acquisition tool,P049297,16152.PDF,7/1/16,7/11/16,7/14/16,https://www.muckrock.com/foi/chicago-169/1505ml-checks-16131-16777-26591/
3/20/2012,16159,136448.53,enterprise fleet,routine,P049297,16159.PDF,7/1/16,7/11/16,7/14/16,https://www.muckrock.com/foi/chicago-169/1505ml-checks-16131-16777-26591/
4/2/2012,16172,6374.5,??????,unlimtd web acceess to??,P049297,16172.PDF,7/1/16,7/11/16,7/14/16,https://www.muckrock.com/foi/chicago-169/1505ml-checks-16131-16777-26591/
4/2/2012,16173,5267.68,us marshalls service/cpd,jeep grand cherokee repo,P049297,16173.PDF,7/1/16,7/11/16,7/14/16,https://www.muckrock.com/foi/chicago-169/1505ml-checks-16131-16777-26591/
4/4/2012,16191,8400.0,ideoa,training confrence,P049297,16191.PDF,7/1/16,7/11/16,7/14/16,https://www.muckrock.com/foi/chicago-169/1505ml-checks-16131-16777-26591/
4/17/2012,16230,25591.07,phones,routine,16-0011,16230.pdf,No data,No data,No data,No data
4/17/2012,16233,16729.07,phones,routine,16-0011,16233.pdf,No data,No data,No data,No data
4/18/2012,16244,8504.5,lexis nexis,routine,16-0011,16244.pdf,No data,No data,No data,No data
5/1/2012,16264,129618.09,enterprise,routine,16-0011,16264.pdf,No data,No data,No data,No data
5/10/2012,16297,25975.14,phones,routine,16-0011,16297.pdf,No data,No data,No data,No data
5/10/2012,16300,8975.15,car repair,routine,16-0011,16300.pdf,No data,No data,No data,No data
5/16/2012,16309,8531.25,lexis nexis,routine,16-0011,16309.pdf,No data,No data,No data,No data
5/16/2012,16310,16209.2,phones,routine,16-0011,16310.pdf,No data,No data,No data,No data
6/1/2012,16336,121672.27,enterprise,routine,16-0011,16336.pdf,No data,No data,No data,No data
6/1/2012,16338,10791.0,gps trackers,surveillance,16-0011,16338.pdf,No data,No data,No data,No data
6/13/2012,16351,12123.25,lexis nexis,routine,15-7682,16351.pdf,12/28/2015,1/5/16,1/26/16,https://www.muckrock.com/foi/chicago-169/1505-checks-16351-to-16414-23095/
6/21/2012,16356,8786.5,lexis nexis,routine,15-7682,16356.pdf,12/28/2015,1/5/16,1/26/16,https://www.muckrock.com/foi/chicago-169/1505-checks-16351-to-16414-23095/
6/21/2012,16358,16333.04,phones,routine,15-7682,16359.pdf,12/28/2015,1/5/16,1/26/16,https://www.muckrock.com/foi/chicago-169/1505-checks-16351-to-16414-23095/
7/2/2012,16379,46469.0,phones,routine,15-7682,16379.pdf,12/28/2015,1/5/16,1/26/16,https://www.muckrock.com/foi/chicago-169/1505-checks-16351-to-16414-23095/
7/2/2012,16381,128527.97,enterprise,routine,15-7682,16381.pdf,12/28/2015,1/5/16,1/26/16,https://www.muckrock.com/foi/chicago-169/1505-checks-16351-to-16414-23095/
7/2/2012,16382,18820.0,1000 nik drug test pouches,routine,15-7682,16382.pdf,12/28/2015,1/5/16,1/26/16,https://www.muckrock.com/foi/chicago-169/1505-checks-16351-to-16414-23095/
7/10/2012,16392,11675.0,t-mobile wireless for pen register investigation,surveillance,15-7682,16392.pdf,12/28/2015,1/5/16,1/26/16,https://www.muckrock.com/foi/chicago-169/1505-checks-16351-to-16414-23095/
7/20/2012,16402,619088.0,20 unmarked ocd vehicles,routine,15-7682,16402.pdf,12/28/2015,1/5/16,1/26/16,https://www.muckrock.com/foi/chicago-169/1505-checks-16351-to-16414-23095/
7/20/2012,16403,20000.0,dare & great program funding,routine,15-7682,16403.pdf,12/28/2015,1/5/16,1/26/16,https://www.muckrock.com/foi/chicago-169/1505-checks-16351-to-16414-23095/
7/26/2012,16414,8510.5,lexis nexis,routine,15-7682,16414.pdf,12/28/2015,1/5/16,1/26/16,https://www.muckrock.com/foi/chicago-169/1505-checks-16351-to-16414-23095/
7/26/2012,16417,12670.9,lexis nexis,routine,15-7523,16417.pdf,12/18/15,12/28/15,1/7/16,https://www.muckrock.com/foi/chicago-169/1505-checks-16417-to-16614-23025/
8/2/2012,16432,16507.48,phones,routine,15-7523,16432.pdf,12/18/15,12/28/15,1/7/16,https://www.muckrock.com/foi/chicago-169/1505-checks-16417-to-16614-23025/
8/2/2012,16434,126577.77,enterprise,routine,15-7523,16434.pdf,12/18/15,12/28/15,1/7/16,https://www.muckrock.com/foi/chicago-169/1505-checks-16417-to-16614-23025/
8/3/2012,16437,360605.11,ballistics lab,routine,15-7523,16437.pdf,12/18/15,12/28/15,1/7/16,https://www.muckrock.com/foi/chicago-169/1505-checks-16417-to-16614-23025/
8/3/2012,16438,26544.08,phones,routine,15-7523,16438.pdf,12/18/15,12/28/15,1/7/16,https://www.muckrock.com/foi/chicago-169/1505-checks-16417-to-16614-23025/
8/14/2012,16447,91530.0,"ir cam, pole cams, counter surveillance",surveillance,15-7523,16447.pdf,12/18/15,12/28/15,1/7/16,https://www.muckrock.com/foi/chicago-169/1505-checks-16417-to-16614-23025/
8/17/2012,16450,8511.5,lexis nexis,routine,15-7523,16450.pdf,12/18/15,12/28/15,1/7/16,https://www.muckrock.com/foi/chicago-169/1505-checks-16417-to-16614-23025/
8/17/2012,16452,16936.57,phones,routine,15-7523,16452.pdf,12/18/15,12/28/15,1/7/16,https://www.muckrock.com/foi/chicago-169/1505-checks-16417-to-16614-23025/
8/20/2012,16454,6466.75,lexis nexis,routine,15-7523,16454.pdf,12/18/15,12/28/15,1/7/16,https://www.muckrock.com/foi/chicago-169/1505-checks-16417-to-16614-23025/
8/21/2012,16457,12790.0,k9s,routine,15-7523,16457.pdf,12/18/15,12/28/15,1/7/16,https://www.muckrock.com/foi/chicago-169/1505-checks-16417-to-16614-23025/
8/22/2012,16466,130009.57,enterprise,routine,15-7385,16466.pdf,No data,No data,No data,No data
8/24/2012,16468,26395.36,phones,routine,15-7385,16468.pdf,No data,No data,No data,No data
9/19/2012,16511,8500.0,lexis nexis,routine,15-7385,16511.pdf,No data,No data,No data,No data
10/1/2012,16528,17575.7,phones,routine,15-7385,16528.pdf,No data,No data,No data,No data
10/1/2012,16529,26481.89,phones,routine,15-7385,16529.pdf,No data,No data,No data,No data
10/1/2012,16530,125619.22,enterprise,routine,15-7385,16530.pdf,No data,No data,No data,No data
10/2/2012,16533,6023.1,car repair,routine,15-7385,16533.pdf,No data,No data,No data,No data
10/2/2012,16534,8711.42,car repair,routine,15-7385,16534.pdf,No data,No data,No data,No data
10/3/2012,16535,6409.25,lexis nexis,routine,15-7385,16535.pdf,No data,No data,No data,No data
10/15/2012,16466,26442.49,phones,routine,15-7385,16542.pdf,No data,No data,No data,No data
10/16/2012,16543,15871.88,phones,routine,15-7385,16543.pdf,No data,No data,No data,No data
10/22/2012,16553,6521.75,lexis nexis,routine,15-7385,16553.pdf,No data,No data,No data,No data
11/1/2012,16573,130699.65,enterprise,routine,15-7385,16573.pdf,No data,No data,No data,No data
11/15/2012,16581,8273.1,freight security trackers,surveillance,15-7385,16581.pdf,No data,No data,No data,No data
11/15/2012,16582,27389.0,avid video processing and tower,routine,15-7385,16582.pdf,No data,No data,No data,No data
11/19/2012,16593,8500.0,lexis nexis,routine,15-7385,16593.pdf,No data,No data,No data,No data
11/19/2012,16599,137171.67,pen link,surveillance,15-7385,16599.pdf,No data,No data,No data,No data
11/27/2012,16601,16095.31,phones,routine,15-7385,16601.pdf,No data,No data,No data,No data
12/3/2012,16612,6598.5,lexis nexis,routine,15-7385,16612.pdf,No data,No data,No data,No data
12/3/2012,16614,26445.8,phones,routine,15-7385,16614.pdf,No data,No data,No data,No data
12/3/2012,16615,125524.22,enterprise,routine,15-6955,16615.pdf,11/24/15,12/4/15,12/22/15,https://www.muckrock.com/foi/chicago-169/1505-checks-16615-to-16687-22537/
12/7/2012,16623,37000.67,penlink bluerayjukebox and one dex processor,surveillance,15-6955,16623.pdf,11/24/15,12/4/15,12/22/15,https://www.muckrock.com/foi/chicago-169/1505-checks-16615-to-16687-22537/
12/11/2012,16630,26869.76,phones,routine,15-6955,16630.pdf,11/24/15,12/4/15,12/22/15,https://www.muckrock.com/foi/chicago-169/1505-checks-16615-to-16687-22537/
12/12/2012,16633,9575.59,car repair,routine,15-6955,16633.pdf,11/24/15,12/4/15,12/22/15,https://www.muckrock.com/foi/chicago-169/1505-checks-16615-to-16687-22537/
12/19/2012,16649,8500.0,lexis nexis,routine,15-6955,16649.pdf,11/24/15,12/4/15,12/22/15,https://www.muckrock.com/foi/chicago-169/1505-checks-16615-to-16687-22537/
12/26/2012,16653,13182.3,redacted,redacted,15-6955,16653.pdf,11/24/15,12/4/15,12/22/15,https://www.muckrock.com/foi/chicago-169/1505-checks-16615-to-16687-22537/
1/8/2013,16679,20790.69,phones,routine,15-6955,16679.pdf,11/24/15,12/4/15,12/22/15,https://www.muckrock.com/foi/chicago-169/1505-checks-16615-to-16687-22537/
1/9/2013,16683,6755.75,lexis nexis,routine,15-6955,16683.pdf,11/24/15,12/4/15,12/22/15,https://www.muckrock.com/foi/chicago-169/1505-checks-16615-to-16687-22537/
1/9/2013,16684,9977.25,redacted,redacted,15-6955,16684.pdf,11/24/15,12/4/15,12/22/15,https://www.muckrock.com/foi/chicago-169/1505-checks-16615-to-16687-22537/
1/14/2013,16687,26673.87,phones,routine,15-6955,16687.pdf,11/24/15,12/4/15,12/22/15,https://www.muckrock.com/foi/chicago-169/1505-checks-16615-to-16687-22537/
1/16/2013,16692,133228.68,enterprise,routine,15-7043,16692.pdf,No data,No data,No data,No data
1/17/2013,16693,8500.0,lexis nexis,routine,15-7068,16693.pdf,11/30/15,12/3/15,1/11/16,https://www.muckrock.com/foi/chicago-169/1505-checks-lexus-nexus-22438/
1/18/2013,16694,8502.75,lexis nexis,routine,15-7068,16694.pdf,11/30/15,12/3/15,1/11/16,https://www.muckrock.com/foi/chicago-169/1505-checks-lexus-nexus-22438/
1/18/2013,16699,16526.96,phones,routine,15-7043,16699.pdf,No data,No data,No data,No data
2/1/2013,16721,10539.0,pole cams,surveillance,15-7043,16721.pdf,No data,No data,No data,No data
2/6/2013,16731,129446.43,enterprise,routine,15-7043,16731.pdf,No data,No data,No data,No data
2/14/2013,16738,509063.0,ballistics lab,routine,15-7043,16738.pdf,No data,No data,No data,No data
2/21/2013,16750,6851.75,lexis nexis,routine,15-7043,16750.pdf,No data,No data,No data,No data
2/21/2013,16751,6825.25,lexis nexis,routine,15-7043,16751.pdf,No data,No data,No data,No data
2/21/2013,16752,8500.0,lexis nexis,routine,15-7068,16752.pdf,11/30/15,12/3/15,1/11/16,https://www.muckrock.com/foi/chicago-169/1505-checks-lexus-nexus-22438/
2/21/2013,16754,26600.8,phones,routine,15-7043,16754.pdf,No data,No data,No data,No data
2/25/2013,16762,14899.2,phones,routine,15-7043,16762.pdf,No data,No data,No data,No data
3/1/2013,16775,12136.98,car repair,routine,15-7043,16775.pdf,No data,No data,No data,No data
3/1/2013,16777,128700.98,enterprise,routine,P049297,No data,No data,No data,No data,No data
3/19/2013,16802,340628.75,boc police department vehicles,routine,P048653,16802.pdf,6/12/16,6/20/16,6/27/16,https://www.muckrock.com/foi/chicago-169/1505ml-checks-16802-16973-26188/
3/20/2013,16808,8500.0,lexis nexis,routine,15-7068,16808.pdf,11/30/15,12/3/15,1/11/16,https://www.muckrock.com/foi/chicago-169/1505-checks-lexus-nexus-22438/
3/20/2013,16809,130576.09,enterprise,routine,P048653,16809.pdf,6/12/16,6/20/16,6/27/16,https://www.muckrock.com/foi/chicago-169/1505ml-checks-16802-16973-26188/
3/21/2013,16814,15339.85,phones,routine,P048653,16814.pdf,6/12/16,6/20/16,6/27/16,https://www.muckrock.com/foi/chicago-169/1505ml-checks-16802-16973-26188/
3/25/2013,16820,6660.5,lexis nexis,routine,P048653,16820.pdf,6/12/16,6/20/16,6/27/16,https://www.muckrock.com/foi/chicago-169/1505ml-checks-16802-16973-26188/
4/1/2013,16823,9600.0,ideoa training conference,routine,P048653,16823.pdf,6/12/16,6/20/16,6/27/16,https://www.muckrock.com/foi/chicago-169/1505ml-checks-16802-16973-26188/
4/1/2013,16856,45470.0,pro-tech security sales invoice,??????,P048653,16856.pdf,6/12/16,6/20/16,6/27/16,https://www.muckrock.com/foi/chicago-169/1505ml-checks-16802-16973-26188/
4/1/2013,16858,29846.03,phones,routine,P048653,16858.pdf,6/12/16,6/20/16,6/27/16,https://www.muckrock.com/foi/chicago-169/1505ml-checks-16802-16973-26188/
4/17/2013,16881,8500.0,lexis nexis,routine,15-7068,16881.pdf,11/30/15,12/3/15,1/11/16,https://www.muckrock.com/foi/chicago-169/1505-checks-lexus-nexus-22438/
4/17/2013,16882,27289.8,phones,routine,P048653,16882.pdf,6/12/16,6/20/16,6/27/16,https://www.muckrock.com/foi/chicago-169/1505ml-checks-16802-16973-26188/
4/17/2013,16884,37400.0,electronics services agency invoice,??????,P048653,16884.pdf,6/12/16,6/20/16,6/27/16,https://www.muckrock.com/foi/chicago-169/1505ml-checks-16802-16973-26188/
4/19/2013,16891,15629.32,phones,routine,15-7045,16891.pdf,11/30/15,12/7/15,12/22/15,https://www.muckrock.com/foi/chicago-169/1505ml-checks-16891-16969-22476/
5/1/2013,16905,6814.75,lexis nexis,routine,15-7045,16905.pdf,11/30/15,12/7/15,12/22/15,https://www.muckrock.com/foi/chicago-169/1505ml-checks-16891-16969-22476/
5/1/2013,16906,56100.0,pinhole cams?,surveillance,15-7045,16906.pdf,11/30/15,12/7/15,12/22/15,https://www.muckrock.com/foi/chicago-169/1505ml-checks-16891-16969-22476/
5/1/2013,16911,130683.83,enterprise,routine,15-7045,16911.pdf,11/30/15,12/7/15,12/22/15,https://www.muckrock.com/foi/chicago-169/1505ml-checks-16891-16969-22476/
5/3/2013,16926,11902.11,car repair,routine,15-7045,16926.pdf,11/30/15,12/7/15,12/22/15,https://www.muckrock.com/foi/chicago-169/1505ml-checks-16891-16969-22476/
5/6/2013,16936,96030.0,vision database,?,15-7045,16936.pdf,11/30/15,12/7/15,12/22/15,https://www.muckrock.com/foi/chicago-169/1505ml-checks-16891-16969-22476/
5/13/2013,16953,23425.0,pinhole cams?,surveillance,15-7045,16953.pdf,11/30/15,12/7/15,12/22/15,https://www.muckrock.com/foi/chicago-169/1505ml-checks-16891-16969-22476/
5/13/2013,16959,8500.0,lexis nexis,routine,15-7068,16959.pdf,11/30/15,12/3/15,1/11/16,https://www.muckrock.com/foi/chicago-169/1505-checks-lexus-nexus-22438/
5/16/2013,16961,32000.0,1505 audit,routine,15-7045,16961.pdf,11/30/15,12/7/15,12/22/15,https://www.muckrock.com/foi/chicago-169/1505ml-checks-16891-16969-22476/
5/21/2013,16968,13039.86,phones,routine,15-7045,16968.pdf,11/30/15,12/7/15,12/22/15,https://www.muckrock.com/foi/chicago-169/1505ml-checks-16891-16969-22476/
5/21/2013,16969,27579.88,phones,routine,15-7045,16969.pdf,11/30/15,12/7/15,12/22/15,https://www.muckrock.com/foi/chicago-169/1505ml-checks-16891-16969-22476/
5/22/2013,16973,410815.33,enterprise,routine,P048653,16973.pdf,6/12/16,6/20/16,6/27/16,https://www.muckrock.com/foi/chicago-169/1505ml-checks-16802-16973-26188/
6/4/2013,16982,6650.14,no data,no data,No data,No data,6/6/16,No data,No data,https://www.muckrock.com/foi/chicago-169/request-for-information-checks-16982-17267-26059/
6/4/2013,16986,214600.0,no data,no data,No data,No data,6/6/16,No data,No data,https://www.muckrock.com/foi/chicago-169/request-for-information-checks-16982-17267-26059/
6/4/2013,16989,121361.19,no data,no data,No data,No data,6/6/16,No data,No data,https://www.muckrock.com/foi/chicago-169/request-for-information-checks-16982-17267-26059/
6/10/2013,17006,6652.25,no data,no data,No data,No data,6/6/16,No data,No data,https://www.muckrock.com/foi/chicago-169/request-for-information-checks-16982-17267-26059/
6/19/2013,17015,8500.0,lexis nexis,routine,15-7068,17015.pdf,11/30/15,12/3/15,1/11/16,https://www.muckrock.com/foi/chicago-169/1505-checks-lexus-nexus-22438/
7/1/2013,17020,6446.05,no data,no data,No data,No data,6/6/16,No data,No data,https://www.muckrock.com/foi/chicago-169/request-for-information-checks-16982-17267-26059/
7/1/2013,17027,15487.36,no data,no data,No data,No data,6/6/16,No data,No data,https://www.muckrock.com/foi/chicago-169/request-for-information-checks-16982-17267-26059/
7/1/2013,17029,31368.23,no data,no data,No data,No data,6/6/16,No data,No data,https://www.muckrock.com/foi/chicago-169/request-for-information-checks-16982-17267-26059/
7/15/2013,17044,174174.52,no data,no data,No data,No data,6/6/16,No data,No data,https://www.muckrock.com/foi/chicago-169/request-for-information-checks-16982-17267-26059/
7/17/2013,17046,6752.0,lexis nexis,routine,15-7070,17046.pdf,No data,No data,No data,No data
8/7/2013,17071,7932.09,phones,routine,15-7070,17071.pdf,No data,No data,No data,No data
8/7/2013,17075,10071.6,redacted,surveillance?,15-7070,17075.pdf,No data,No data,No data,No data
8/21/2013,17086,8500.0,lexis nexis,routine,15-7068,17086.pdf,11/30/15,12/3/15,1/11/16,https://www.muckrock.com/foi/chicago-169/1505-checks-lexus-nexus-22438/
8/22/2013,17087,9435.07,phones,routine,15-7070,17087.pdf,No data,No data,No data,No data
9/11/2013,17109,41134.6,enterprise,routine,15-7070,17109.pdf,No data,No data,No data,No data
9/11/2013,17110,14620.23,car repair,routine,15-7070,17110.pdf,No data,No data,No data,No data
9/13/2013,17113,13300.5,lexis nexis,routine,15-7070,17113.pdf,No data,No data,No data,No data
9/19/2013,17119,8500.0,lexis nexis,routine,15-7068,17119.pdf,11/30/15,12/3/15,1/11/16,https://www.muckrock.com/foi/chicago-169/1505-checks-lexus-nexus-22438/
9/24/2013,17123,6750.5,lexis nexis,routine,15-7070,17123.pdf,No data,No data,No data,No data
10/15/2013,17137,17992.0,no data,no data,No data,No data,6/6/16,No data,No data,https://www.muckrock.com/foi/chicago-169/request-for-information-checks-16982-17267-26059/
10/17/2013,17140,8500.0,lexis nexis,routine,15-7068,17140.pdf,11/30/15,12/3/15,1/11/16,https://www.muckrock.com/foi/chicago-169/1505-checks-lexus-nexus-22438/
10/18/2013,17143,8688.6,raid jacket,routine,15-7070,17143.pdf,No data,No data,No data,No data
10/18/2013,17144,6732.5,lexis nexis,routine,15-7069,17144.pdf,11/30/15,12/3/15,12/22/15,https://www.muckrock.com/foi/chicago-169/1505-checks-cpd-17144-17219-22347/
10/22/2013,17145,23201.16,phones,routine,15-7069,17145.pdf,11/30/15,12/3/15,12/22/15,https://www.muckrock.com/foi/chicago-169/1505-checks-cpd-17144-17219-22347/
11/1/2013,17151,137171.67,penlink,surveillance,15-7069,17151.pdf,11/30/15,12/3/15,12/22/15,https://www.muckrock.com/foi/chicago-169/1505-checks-cpd-17144-17219-22347/
11/15/2013,17174,15432.81,phones,routine,15-7069,17174.pdf,11/30/15,12/3/15,12/22/15,https://www.muckrock.com/foi/chicago-169/1505-checks-cpd-17144-17219-22347/
11/21/2013,17181,8500.0,lexis nexis,routine,15-7069,17181.pdf,11/30/15,12/3/15,12/22/15,https://www.muckrock.com/foi/chicago-169/1505-checks-cpd-17144-17219-22347/
11/22/2013,17185,31782.3,phones,routine,15-7069,17185.pdf,11/30/15,12/3/15,12/22/15,https://www.muckrock.com/foi/chicago-169/1505-checks-cpd-17144-17219-22347/
12/2/2013,17189,8500.25,lexis nexis,routine,15-7069,17189.pdf,11/30/15,12/3/15,12/22/15,https://www.muckrock.com/foi/chicago-169/1505-checks-cpd-17144-17219-22347/
12/5/2013,17200,10964.67,car repair,routine,15-7069,17200.pdf,11/30/15,12/3/15,12/22/15,https://www.muckrock.com/foi/chicago-169/1505-checks-cpd-17144-17219-22347/
12/10/2013,17208,6819.5,lexis nexis,routine,15-7069,17208.pdf,11/30/15,12/3/15,12/22/15,https://www.muckrock.com/foi/chicago-169/1505-checks-cpd-17144-17219-22347/
12/24/2013,17219,8500.0,lexis nexis,routine,15-7069,17219.pdf,11/30/15,12/3/15,12/22/15,https://www.muckrock.com/foi/chicago-169/1505-checks-cpd-17144-17219-22347/
1/3/2014,17222,15040.93,phones,routine,15-7067,17222.pdf,11/30/15,12/3/15,12/22/15,https://www.muckrock.com/foi/chicago-169/1505-checks-17279-to-17326-22273/
1/9/2014,17232,52974.05,phones,routine,15-7067,17232.pdf,11/30/15,12/3/15,12/22/15,https://www.muckrock.com/foi/chicago-169/1505-checks-17279-to-17326-22273/
1/10/2014,17233,66052.59,phones,routine,15-7067,17233.pdf,11/30/15,12/3/15,12/22/15,https://www.muckrock.com/foi/chicago-169/1505-checks-17279-to-17326-22273/
1/13/2014,17236,24488.25,enterprise,routine,15-7067,17236.pdf,11/30/15,12/3/15,12/22/15,https://www.muckrock.com/foi/chicago-169/1505-checks-17279-to-17326-22273/
1/16/2014,17244,6633.75,lexis nexis,routine,15-7067,17244.pdf,11/30/15,12/3/15,12/22/15,https://www.muckrock.com/foi/chicago-169/1505-checks-17279-to-17326-22273/
1/16/2014,17247,14662.84,phones,routine,15-7067,17247.pdf,11/30/15,12/3/15,12/22/15,https://www.muckrock.com/foi/chicago-169/1505-checks-17279-to-17326-22273/
1/21/2014,17251,11987.2,narcotics destruction,routine,15-7067,17251.pdf,11/30/15,12/3/15,12/22/15,https://www.muckrock.com/foi/chicago-169/1505-checks-17279-to-17326-22273/
1/23/2014,17253,8500.0,lexis nexis,routine,15-7067,17253.pdf,11/30/15,12/3/15,12/22/15,https://www.muckrock.com/foi/chicago-169/1505-checks-17279-to-17326-22273/
1/24/2014,17256,106579.24,enterprise,routine,15-7067,17256.pdf,11/30/15,12/3/15,12/22/15,https://www.muckrock.com/foi/chicago-169/1505-checks-17279-to-17326-22273/
2/3/2014,17265,10431.3,redacted,redacted,15-7067,17265.pdf,11/30/15,12/3/15,12/22/15,https://www.muckrock.com/foi/chicago-169/1505-checks-17279-to-17326-22273/
2/3/2014,17267,15114.78,no data,no data,No data,No data,6/6/16,No data,No data,https://www.muckrock.com/foi/chicago-169/request-for-information-checks-16982-17267-26059/
2/3/2014,17268,19766.37,phones,routine,15-6586,17268.pdf,11/4/15,11/13/15,11/20/15,https://www.muckrock.com/foi/chicago-169/cpd-1505-checks-17268-through-17326-22265/
2/4/2014,17269,6558.5,lexis nexis,routine,15-6586,17269.pdf,11/4/15,11/13/15,11/20/15,https://www.muckrock.com/foi/chicago-169/cpd-1505-checks-17268-through-17326-22265/
2/21/2014,17279,8500.0,lexis nexis,routine,15-6586,17279.pdf,11/4/15,11/13/15,11/20/15,https://www.muckrock.com/foi/chicago-169/cpd-1505-checks-17268-through-17326-22265/
2/21/2014,17282,15414.01,phones,routine,15-6586,17282.pdf,11/4/15,11/13/15,11/20/15,https://www.muckrock.com/foi/chicago-169/cpd-1505-checks-17268-through-17326-22265/
3/4/2014,17305,105786.85,enterprise,routine,15-6586,17305.pdf,11/4/15,11/13/15,11/20/15,https://www.muckrock.com/foi/chicago-169/cpd-1505-checks-17268-through-17326-22265/
3/4/2014,17306,17749.55,phones,routine,15-6586,17306.pdf,11/4/15,11/13/15,11/20/15,https://www.muckrock.com/foi/chicago-169/cpd-1505-checks-17268-through-17326-22265/
3/7/2014,17310,71175.5,server,routine,15-6586,17310.pdf,11/4/15,11/13/15,11/20/15,https://www.muckrock.com/foi/chicago-169/cpd-1505-checks-17268-through-17326-22265/
3/11/2014,17312,13110.0,computer purchase,routine,15-6586,17312.pdf,11/4/15,11/13/15,11/20/15,https://www.muckrock.com/foi/chicago-169/cpd-1505-checks-17268-through-17326-22265/
3/13/2014,17315,6644.5,lexis nexis,routine,15-6586,17315.pdf,11/4/15,11/13/15,11/20/15,https://www.muckrock.com/foi/chicago-169/cpd-1505-checks-17268-through-17326-22265/
3/19/2014,17326,14912.77,phones,routine,15-6586,17326.pdf,11/4/15,11/13/15,11/20/15,https://www.muckrock.com/foi/chicago-169/cpd-1505-checks-17268-through-17326-22265/
3/21/2014,17334,104374.06,enterprise,routine,15-6585,17334.pdf,No data,No data,No data,No data
3/21/2014,17335,17750.53,phones,routine,15-6585,17335.pdf,No data,No data,No data,No data
3/25/2014,17338,6552.75,lexis nexis,routine,15-6585,17338.pdf,No data,No data,No data,No data
4/2/2014,17353,13422.0,server,routine,15-6585,17353.pdf,No data,No data,No data,No data
4/14/2014,17360,9600.0,dea conference,routine,15-6585,17360.pdf,No data,No data,No data,No data
4/14/2014,17384,15265.66,phones,routine,15-6585,17384.pdf,No data,No data,No data,No data
4/16/2014,17387,19081.35,car repair,routine,15-6585,17387.pdf,No data,No data,No data,No data
4/17/2014,17394,17764.48,phones,routine,15-6585,17394.pdf,No data,No data,No data,No data
4/23/2014,17399,8500.25,lexis nexis,routine,15-6585,17399.pdf,No data,No data,No data,No data
5/1/2014,17417,101222.13,enterprise,routine,15-3336,17417.pdf,No data,No data,No data,No data
5/8/2014,17427,59670.0,xfm server,routine,15-4684,17427.pdf,No data,No data,No data,No data
5/20/2014,17451,8500.0,lexis nexis,routine,15-4684,17451.pdf,No data,No data,No data,No data
5/20/2014,17452,385008.0,undercover car,routine,15-3336,17452.pdf,No data,No data,No data,No data
5/27/2014,17461,6489.25,lexis nexis,routine,15-6585,17461.pdf,No data,No data,No data,No data
6/3/2014,17474,104609.93,enterprise,routine,15-3336,17474.pdf,No data,No data,No data,No data
6/3/2014,17475,14465.05,phones,routine,15-6571,17475.pdf,11/3/15,11/12/15,11/19/15,https://www.muckrock.com/foi/chicago-169/1505-checks-cpd-22246/
6/3/2014,17489,17770.69,phones,routine,15-6571,17489.pdf,11/3/15,11/12/15,11/19/15,https://www.muckrock.com/foi/chicago-169/1505-checks-cpd-22246/
6/3/2014,17490,6460.0,lexis nexis,routine,15-6571,17490.pdf,11/3/15,11/12/15,11/19/15,https://www.muckrock.com/foi/chicago-169/1505-checks-cpd-22246/
6/11/2014,17512,14763.59,phones,routine,15-6571,17512.pdf,11/3/15,11/12/15,11/19/15,https://www.muckrock.com/foi/chicago-169/1505-checks-cpd-22246/
6/18/2014,17517,8500.0,lexis nexis,routine,15-4684,17517.pdf,No data,No data,No data,No data
6/18/2014,17519,17756.08,phones,routine,15-6571,17519.pdf,11/3/15,11/12/15,11/19/15,https://www.muckrock.com/foi/chicago-169/1505-checks-cpd-22246/
6/18/2014,17520,7615.91,drug testing,routine,15-6571,17520.pdf,11/3/15,11/12/15,11/19/15,https://www.muckrock.com/foi/chicago-169/1505-checks-cpd-22246/
6/23/2014,17521,512910.0,undercover car,routine,15-3336,17521.pdf,No data,No data,No data,No data
6/24/2014,17524,7493.75,gps trackers,surveillance,15-6571,17524.pdf,11/3/15,11/12/15,11/19/15,https://www.muckrock.com/foi/chicago-169/1505-checks-cpd-22246/
7/1/2014,17529,102805.0,enterprise,routine,15-3336,17529.pdf,No data,No data,No data,No data
7/1/2014,17534,9300.0,filemaker,routine,15-6571,17534.pdf,11/3/15,11/12/15,11/19/15,https://www.muckrock.com/foi/chicago-169/1505-checks-cpd-22246/
7/9/2014,17541,8500.0,lexis nexis,routine,15-4684,17541.pdf,No data,No data,No data,No data
7/9/2014,17543,6485.0,lexis nexis,routine,15-6571,17543.pdf,11/3/15,11/12/15,11/19/15,https://www.muckrock.com/foi/chicago-169/1505-checks-cpd-22246/
7/16/2014,17548,14991.51,phones,routine,15-6571,17548.pdf,11/3/15,11/12/15,11/19/15,https://www.muckrock.com/foi/chicago-169/1505-checks-cpd-22246/
7/22/2014,17557,7739.0,money counter,routine,15-6690,17557.pdf,No data,No data,No data,No data
7/23/2014,17559,8500.0,lexis nexis,routine,15-4684,17559.pdf,No data,No data,No data,No data
7/23/2014,17561,14434.4,car repair,routine,15-6690,17561.pdf,No data,No data,No data,No data
7/23/2014,17562,105160.15,enterprise,routine,15-3336,17562.pdf,No data,No data,No data,No data
7/25/2014,17563,17969.6,phones,routine,15-6690,17563.pdf,No data,No data,No data,No data
8/4/2014,17578,5790.5,lexis nexis,routine,15-6690,17578.pdf,No data,No data,No data,No data
8/19/2014,17607,5630.34,narcotics destruction,routine,15-6690,17607.pdf,No data,No data,No data,No data
8/20/2014,17612,103346.1,enterprise,routine,15-3336,17612.pdf,No data,No data,No data,No data
9/3/2014,17616,8500.0,lexis nexis,routine,15-4684,17616.pdf,No data,No data,No data,No data
9/3/2014,17623,5882.0,lexis nexis,routine,15-6690,17623.pdf,No data,No data,No data,No data
9/3/2014,17625,15400.25,phones,routine,15-6690,17625.pdf,No data,No data,No data,No data
9/8/2014,17628,7715.04,narcotics destruction,routine,15-6690,17628.pdf,No data,No data,No data,No data
9/18/2014,17635,8500.0,lexis nexis,routine,15-4684,17635.pdf,No data,No data,No data,No data
9/18/2014,17638,18272.33,phones,routine,15-5691,17638.pdf,No data,No data,No data,No data
9/23/2014,17642,102269.79,enterprise,routine,15-3336,17642.pdf,No data,No data,No data,No data
9/24/2014,17643,5811.5,lexis nexis,routine,15-5691,17643.pdf,No data,No data,No data,No data
10/6/2014,17668,15182.78,phones,routine,15-5691,17668.pdf,No data,No data,No data,No data
10/15/2014,17678,8500.0,lexis nexis,routine,15-4684,17678.pdf,No data,No data,No data,No data
10/20/2014,17681,5886.0,phones,routine,15-5691,17681.pdf,No data,No data,No data,No data
10/21/2014,17688,18493.96,phones,routine,15-5691,17688.pdf,No data,No data,No data,No data
10/24/2014,17698,21926.44,phones,routine,15-4684,17698.pdf,No data,No data,No data,No data
10/24/2014,17699,137171.67,penlink,surveillance,15-6529,17699.pdf,No data,No data,No data,No data
11/3/2014,17710,104265.0,enterprise,routine,15-6529,17710.pdf,No data,No data,No data,No data
11/4/2014,17711,15123.81,phones,routine,15-5691,17711.pdf,No data,No data,No data,No data
11/20/2014,17732,8500.0,lexis nexis,routine,15-4684,17732.pdf,No data,No data,No data,No data
11/24/2014,17737,102644.73,enterprise,routine,15-6529,17737.pdf,No data,No data,No data,No data
11/25/2014,17741,15064.12,phones,routine,15-5691,17741.pdf,No data,No data,No data,No data
12/1/2014,17748,389823.46,hidta distribution correction,routine,15-6529,17748.pdf,No data,No data,No data,No data
12/2/2014,17755,24238.92,phones,routine,15-4684,17755.pdf,No data,No data,No data,No data
12/12/2014,17763,5960.0,drug testing,routine,15-5691,17763.pdf,No data,No data,No data,No data
12/12/2014,17765,5894.25,lexis nexis,routine,15-5691,17765.pdf,No data,No data,No data,No data
12/17/2014,17767,13994.47,car repair,routine,15-5691,17767.pdf,No data,No data,No data,No data
12/17/2014,17769,104811.75,enterprise,routine,15-6529,17769.pdf,No data,No data,No data,No data
1/2/2015,17772,7190.0,drug testing,routine,15-5293,17772.pdf,No data,No data,No data,No data
1/5/2015,17789,19015.98,phones,routine,15-5293,17789.pdf,No data,No data,No data,No data
1/5/2015,17790,15032.37,lexis nexis,routine,15-5293,17790.pdf,No data,No data,No data,No data
1/6/2015,17792,8500.0,lexis nexis,routine,"15-4684, 15-5293",17792.pdf,No data,No data,No data,No data
1/6/2015,17795,48012.0,"video retrieval, 12 dell laptops, cover hardware conflict",routine,"15-4684, 15-5293",17795.pdf,No data,No data,No data,No data
1/15/2015,17811,5811.5,lexis nexis,routine,15-5293,17811.pdf,No data,No data,No data,No data
1/22/2015,17820,8500.0,lexis nexis,routine,"15-4684, 15-5293",17820.pdf,No data,No data,No data,No data
1/23/2015,17827,106382.11,enterprise,routine,15-6529,17827.PDF,No data,No data,No data,No data
2/3/2015,17844,5716.0,lexis nexis,routine,15-5293,17844.pdf,No data,No data,No data,No data
2/4/2015,17849,15221.37,phones,routine,15-5293,17849.pdf,No data,No data,No data,No data
2/6/2015,17851,19408.89,phones,routine,P047880,17851.pdf,No data,No data,No data,No data
2/9/2015,17852,19980.55,school prevention programs,routine,P047880,17852.pdf,No data,No data,No data,No data
2/11/2015,17864,5884.0,"""clear services"" subscription",???????,P047880,17864.pdf,No data,No data,No data,No data
2/18/2015,17870,15083.17,phones,routine,P047880,17870.pdf,No data,No data,No data,No data
2/23/2015,17876,104790.78,enterprise,routine,P047880,17876.pdf,No data,No data,No data,No data
3/3/2015,17882,8500.25,lexis nexis,routine,P047880,17882.pdf,No data,No data,No data,No data
3/12/2015,17889,19644.76,"""realinfo accounts""",???????,P047880,17889.pdf,No data,No data,No data,No data
3/18/2015,17906,8500.0,lexis nexis,routine,P047880,17906.pdf,No data,No data,No data,No data
3/19/2015,17911,7193.58,??????????????,???????,P047880,17911.pdf,No data,No data,No data,No data
3/23/2015,17914,15087.78,phones,routine,P047880,17914.pdf,No data,No data,No data,No data
4/1/2015,17932,106650.04,no data,no data,No data,No data,5/20/16,Not received yet,No data,Personal e-mail
4/3/2015,17939,11418.0,no data,no data,No data,No data,5/20/16,No data,No data,Personal e-mail
4/10/2015,17941,19570.16,no data,no data,No data,No data,5/20/16,No data,No data,Personal e-mail
4/20/2015,17977,8500.0,no data,no data,No data,No data,5/20/16,No data,No data,Personal e-mail
4/24/2015,17983,15102.49,no data,no data,No data,No data,5/20/16,No data,No data,Personal e-mail
4/27/2015,17985,103033.08,no data,no data,No data,No data,5/20/16,No data,No data,Personal e-mail
5/4/2015,17994,18048.79,no data,no data,No data,No data,5/20/16,No data,No data,Personal e-mail
5/6/2015,17999,5631.0,no data,no data,No data,No data,5/20/16,No data,No data,Personal e-mail
5/12/2015,18015,9283.96,no data,no data,No data,No data,5/20/16,No data,No data,Personal e-mail
5/13/2015,18017,6000.0,no data,no data,No data,No data,5/20/16,No data,No data,Personal e-mail
5/20/2015,18022,8500.0,lexis nexis,routine,P049673,18022.pdf,5/31/16,Not received yet,No data,Personal e-mail
5/20/2015,18025,9018.67,simplynas,data storage,P049673,18025.pdf,5/31/16,No data,No data,Personal e-mail
6/1/2015,18028,105749.29,enterprise fleet services,routine,P049673,18028.pdf,5/31/16,No data,No data,Personal e-mail
6/1/2015,18037,15167.46,verizon wireless,boc phones,P049673,18037.pdf,5/31/16,No data,No data,Personal e-mail
6/1/2015,18040,5940.0,t mobile,"op ""busted holster""",P049673,18040.pdf,5/31/16,No data,No data,Personal e-mail
6/3/2015,18071,19570.16,at & t mobility,boc ptt phones,P049673,18071.pdf,5/31/16,No data,No data,Personal e-mail
6/3/2015,18074,5808.0,lexis nexis,routine,P049673,18074.pdf,5/31/16,No data,No data,Personal e-mail
6/15/2015,18087,665950.75,finance division check request,ocd vehicle project???,P049673,18087.pdf,5/31/16,No data,No data,Personal e-mail
6/15/2015,18088,6299.4,??? of st petersburg fl,?????,P049673,18088.pdf,5/31/16,No data,No data,Personal e-mail
6/15/2015,18089,136375.0,harris corp of melbourne fl,???,P049673,18089.pdf,5/31/16,No data,No data,Personal e-mail
6/19/2015,18091,8500.0,lexis nexis,routine,P048112,18331.pdf,5/31/16,No data,No data,https://www.muckrock.com/foi/chicago-169/1505ml-checks-18091-18147-25970/
6/19/2015,18093,6834.09,"??????????  ""bulk narcotics destruction""???",??????,P048112,18093.pdf,5/31/16,No data,No data,https://www.muckrock.com/foi/chicago-169/1505ml-checks-18091-18147-25970/
6/22/2015,18097,15504.01,phones,routine,P048112,18097.pdf,5/31/16,No data,No data,https://www.muckrock.com/foi/chicago-169/1505ml-checks-18091-18147-25970/
6/24/2015,18106,5705.75,lexis nexis,routine,P048112,18106.pdf,5/31/16,No data,No data,https://www.muckrock.com/foi/chicago-169/1505ml-checks-18091-18147-25970/
7/1/2015,18108,108794.29,enterprise rentals,routine,P048112,18108.pdf,5/31/16,No data,No data,https://www.muckrock.com/foi/chicago-169/1505ml-checks-18091-18147-25970/
7/9/2015,18120,6174.55,"??????????  ""narcotics related investigations""???",??????,P048112,18120.pdf,5/31/16,No data,No data,https://www.muckrock.com/foi/chicago-169/1505ml-checks-18091-18147-25970/
7/10/2015,18123,5154.9,sony cameras and equipment,??????,P048112,18123.pdf,5/31/16,No data,No data,https://www.muckrock.com/foi/chicago-169/1505ml-checks-18091-18147-25970/
7/16/2015,18132,8616.01,dell computers,routine,P048112,18132.pdf,5/31/16,No data,No data,https://www.muckrock.com/foi/chicago-169/1505ml-checks-18091-18147-25970/
7/16/2015,18134,5411.2,dell computers,routine,P048112,18134.pdf,5/31/16,No data,No data,https://www.muckrock.com/foi/chicago-169/1505ml-checks-18091-18147-25970/
7/20/2015,18147,61771.34,phones,routine,P048112,18147.pdf,5/31/16,No data,No data,https://www.muckrock.com/foi/chicago-169/1505ml-checks-18091-18147-25970/
7/20/2015,18142,14980.25,verizon boc phones,routine,P048201,18142.pdf,6/1/16,6/9/16,6/15/16,https://www.muckrock.com/foi/chicago-169/illinois-freedom-of-information-act-request-1505-checks-cpd-18142-18203-25990/
7/20/2015,18144,8500.0,lexis nexis,routine,P048201,18144.pdf,6/1/16,6/9/16,6/15/16,https://www.muckrock.com/foi/chicago-169/illinois-freedom-of-information-act-request-1505-checks-cpd-18142-18203-25990/
7/27/2015,18155,20447.5,at&t boc phones,routine,P048201,18155.pdf,6/1/16,6/9/16,6/15/16,https://www.muckrock.com/foi/chicago-169/illinois-freedom-of-information-act-request-1505-checks-cpd-18142-18203-25990/
8/3/2015,18163,6344.2,canon cameras from b&h video,??????,P048201,18163.pdf,6/1/16,6/9/16,6/15/16,https://www.muckrock.com/foi/chicago-169/illinois-freedom-of-information-act-request-1505-checks-cpd-18142-18203-25990/
8/12/2015,18184,5815.0,lexis nexis,routine,P048201,18184.pdf,6/1/16,6/9/16,6/15/16,https://www.muckrock.com/foi/chicago-169/illinois-freedom-of-information-act-request-1505-checks-cpd-18142-18203-25990/
8/17/2015,18189,108495.66,enterprise rentals,routine,P048201,18189.pdf,6/1/16,6/9/16,6/15/16,https://www.muckrock.com/foi/chicago-169/illinois-freedom-of-information-act-request-1505-checks-cpd-18142-18203-25990/
8/19/2015,18192,8500.0,lexis nexis,routine,P048201,18192.pdf,6/1/16,6/9/16,6/15/16,https://www.muckrock.com/foi/chicago-169/illinois-freedom-of-information-act-request-1505-checks-cpd-18142-18203-25990/
8/19/2015,18193,5843.0,lexis nexis,routine,P048201,18193.pdf,6/1/16,6/9/16,6/15/16,https://www.muckrock.com/foi/chicago-169/illinois-freedom-of-information-act-request-1505-checks-cpd-18142-18203-25990/
8/26/2015,18202,51000.0,harris equipment invoice,surveillance,P048201,18202.pdf,6/1/16,6/9/16,6/15/16,https://www.muckrock.com/foi/chicago-169/illinois-freedom-of-information-act-request-1505-checks-cpd-18142-18203-25990/
8/26/2015,18203,15206.75,barracuda backup server,??????,P048201,18203.pdf,6/1/16,6/9/16,6/15/16,https://www.muckrock.com/foi/chicago-169/illinois-freedom-of-information-act-request-1505-checks-cpd-18142-18203-25990/
8/26/2015,18205,14213.88,pen-link pen registers,surveillance,P048201,18205.pdf,6/1/16,6/9/16,6/15/16,https://www.muckrock.com/foi/chicago-169/illinois-freedom-of-information-act-request-1505-checks-cpd-18142-18203-25990/
9/1/2015,18215,17709.95,redxdefense narcotics test kits,routine,P048197,18215.pdf,6/2/16,6/8/16,6/18/16,https://www.muckrock.com/foi/chicago-169/illinois-freedom-of-information-act-request-illinois-freedom-of-information-act-request-1505-checks-cpd-18215-18253-25996/
9/1/2015,18218,15821.65,verizon boc phones,routine,P048197,18218.pdf,6/2/16,6/8/16,6/18/16,https://www.muckrock.com/foi/chicago-169/illinois-freedom-of-information-act-request-illinois-freedom-of-information-act-request-1505-checks-cpd-18215-18253-25996/
9/1/2015,18219,7000.0,technical training course,routine,P048197,18219.pdf,6/2/16,6/8/16,6/18/16,https://www.muckrock.com/foi/chicago-169/illinois-freedom-of-information-act-request-illinois-freedom-of-information-act-request-1505-checks-cpd-18215-18253-25996/
9/3/2015,18226,116115.06,enterprise rentals,routine,P048197,18226.pdf,6/2/16,6/8/16,6/18/16,https://www.muckrock.com/foi/chicago-169/illinois-freedom-of-information-act-request-illinois-freedom-of-information-act-request-1505-checks-cpd-18215-18253-25996/
9/10/2015,18235,9333.3,pen-link pen registers,surveillance,P048197,18235.pdf,6/2/16,6/8/16,6/18/16,https://www.muckrock.com/foi/chicago-169/illinois-freedom-of-information-act-request-illinois-freedom-of-information-act-request-1505-checks-cpd-18215-18253-25996/
9/10/2015,18236,13183.5,servers from dhpc technologies,routine,P048197,18236.pdf,6/2/16,6/8/16,6/18/16,https://www.muckrock.com/foi/chicago-169/illinois-freedom-of-information-act-request-illinois-freedom-of-information-act-request-1505-checks-cpd-18215-18253-25996/
9/10/2015,18238,39540.0,extended warranty for filemaker servers,routine,P048197,18238.pdf,6/2/16,6/8/16,6/18/16,https://www.muckrock.com/foi/chicago-169/illinois-freedom-of-information-act-request-illinois-freedom-of-information-act-request-1505-checks-cpd-18215-18253-25996/
9/11/2015,18240,63980.0,ads invoice,??????,P048197,18240.pdf,6/2/16,6/8/16,6/18/16,https://www.muckrock.com/foi/chicago-169/illinois-freedom-of-information-act-request-illinois-freedom-of-information-act-request-1505-checks-cpd-18215-18253-25996/
9/11/2015,18241,33275.0,ads invoice,??????,P048197,18241.pdf,6/2/16,6/8/16,6/18/16,https://www.muckrock.com/foi/chicago-169/illinois-freedom-of-information-act-request-illinois-freedom-of-information-act-request-1505-checks-cpd-18215-18253-25996/
9/23/2015,18252,27200.0,harris training invoice,??????,P048197,18252.pdf,6/2/16,6/8/16,6/18/16,https://www.muckrock.com/foi/chicago-169/illinois-freedom-of-information-act-request-illinois-freedom-of-information-act-request-1505-checks-cpd-18215-18253-25996/
9/23/2015,18253,37700.0,harris training invoice,??????,P048197,18253.pdf,6/2/16,6/8/16,6/18/16,https://www.muckrock.com/foi/chicago-169/illinois-freedom-of-information-act-request-illinois-freedom-of-information-act-request-1505-checks-cpd-18215-18253-25996/
10/1/2015,18260,31741.36,dell computers,routine,P048200,18260.pdf,6/2/16,6/9/16,6/15/16,https://www.muckrock.com/foi/chicago-169/illinois-freedom-of-information-act-request-illinois-freedom-of-information-act-request-1505-checks-cpd-18260-18277-25997/
10/1/2015,18264,8500.0,lexis nexis,surveillance,P048200,18264.pdf,6/2/16,6/9/16,6/15/16,https://www.muckrock.com/foi/chicago-169/illinois-freedom-of-information-act-request-illinois-freedom-of-information-act-request-1505-checks-cpd-18260-18277-25997/
10/1/2015,18266,11002.99,shredder,routine,P048200,18266.pdf,6/2/16,6/9/16,6/15/16,https://www.muckrock.com/foi/chicago-169/illinois-freedom-of-information-act-request-illinois-freedom-of-information-act-request-1505-checks-cpd-18260-18277-25997/
10/1/2015,18268,15425.62,enterprise rentals,routine,P048200,18268.pdf,6/2/16,6/9/16,6/15/16,https://www.muckrock.com/foi/chicago-169/illinois-freedom-of-information-act-request-illinois-freedom-of-information-act-request-1505-checks-cpd-18260-18277-25997/
10/1/2015,18267,112458.16,verizon boc phones,routine,P048200,18267.pdf,6/2/16,6/9/16,6/15/16,https://www.muckrock.com/foi/chicago-169/illinois-freedom-of-information-act-request-illinois-freedom-of-information-act-request-1505-checks-cpd-18260-18277-25997/
10/2/2015,18274,21253.2,dell computers,routine,P048200,18274.pdf,6/2/16,6/9/16,6/15/16,https://www.muckrock.com/foi/chicago-169/illinois-freedom-of-information-act-request-illinois-freedom-of-information-act-request-1505-checks-cpd-18260-18277-25997/
10/2/2015,18271,9711.84,dell computers,routine,P048200,18271.pdf,6/2/16,6/9/16,6/15/16,https://www.muckrock.com/foi/chicago-169/illinois-freedom-of-information-act-request-illinois-freedom-of-information-act-request-1505-checks-cpd-18260-18277-25997/
10/2/2015,18272,8916.63,48tb hard drive for homan square security system,routine,P048200,18272.pdf,6/2/16,6/9/16,6/15/16,https://www.muckrock.com/foi/chicago-169/illinois-freedom-of-information-act-request-illinois-freedom-of-information-act-request-1505-checks-cpd-18260-18277-25997/
10/2/2015,18270,5577.85,at&t boc phones,routine,P048200,18270.pdf,6/2/16,6/9/16,6/15/16,https://www.muckrock.com/foi/chicago-169/illinois-freedom-of-information-act-request-illinois-freedom-of-information-act-request-1505-checks-cpd-18260-18277-25997/
10/5/2015,18277,10819.38,redxdefense training,??????,P048200,18277.pdf,6/2/16,6/9/16,6/15/16,https://www.muckrock.com/foi/chicago-169/illinois-freedom-of-information-act-request-illinois-freedom-of-information-act-request-1505-checks-cpd-18260-18277-25997/
10/8/2015,18280,9491.03,auto repairs,routine,P048199,18280.pdf,6/2/16,6/15/16,6/15/16,https://www.muckrock.com/foi/chicago-169/illinois-freedom-of-information-act-request-illinois-freedom-of-information-act-request-1505-checks-cpd-18280-18318-25998/
10/13/2015,18290,16579.55,team cameras from b&h video,??????,P048199,18290.pdf,6/2/16,6/15/16,6/15/16,https://www.muckrock.com/foi/chicago-169/illinois-freedom-of-information-act-request-illinois-freedom-of-information-act-request-1505-checks-cpd-18280-18318-25998/
10/13/2015,18295,6081.0,lexis nexis,routine,P048199,18295.pdf,6/2/16,6/15/16,6/15/16,https://www.muckrock.com/foi/chicago-169/illinois-freedom-of-information-act-request-illinois-freedom-of-information-act-request-1505-checks-cpd-18280-18318-25998/
10/20/2015,18315,728355.0,motorola radios,routine,P048199,18315.pdf,6/2/16,6/15/16,6/15/16,https://www.muckrock.com/foi/chicago-169/illinois-freedom-of-information-act-request-illinois-freedom-of-information-act-request-1505-checks-cpd-18280-18318-25998/
10/20/2015,18314,12975.53,worldwide technologies invoice,??????,P048199,18314.pdf,6/2/16,6/15/16,6/15/16,https://www.muckrock.com/foi/chicago-169/illinois-freedom-of-information-act-request-illinois-freedom-of-information-act-request-1505-checks-cpd-18280-18318-25998/
10/20/2015,18316,8548.0,dell computers,routine,P048199,18316.pdf,6/2/16,6/15/16,6/15/16,https://www.muckrock.com/foi/chicago-169/illinois-freedom-of-information-act-request-illinois-freedom-of-information-act-request-1505-checks-cpd-18280-18318-25998/
10/20/2015,18308,8500.0,lexis nexis,routine,P048199,18308.pdf,6/2/16,6/15/16,6/15/16,https://www.muckrock.com/foi/chicago-169/illinois-freedom-of-information-act-request-illinois-freedom-of-information-act-request-1505-checks-cpd-18280-18318-25998/
10/21/2015,18320,23600.0,research electronics international invoice,??????,P048199,18320.pdf,6/2/16,6/15/16,6/15/16,https://www.muckrock.com/foi/chicago-169/illinois-freedom-of-information-act-request-illinois-freedom-of-information-act-request-1505-checks-cpd-18280-18318-25998/
10/21/2015,18318,15348.21,pen-link pen registers,surveillance,P048199,18318.pdf,6/2/16,6/15/16,6/15/16,https://www.muckrock.com/foi/chicago-169/illinois-freedom-of-information-act-request-illinois-freedom-of-information-act-request-1505-checks-cpd-18280-18318-25998/
11/2/2015,18332,112194.91,enterprise,routine,P048194,18332.pdf,5/9/16,5/17/16,5/19/16,https://www.muckrock.com/foi/chicago-169/1505-checks-cpd-18388-18424-25624/
11/2/2015,18334,21809.0,phones,routine,P048194,18334.pdf,5/9/16,5/17/16,5/19/16,https://www.muckrock.com/foi/chicago-169/1505-checks-cpd-18388-18424-25624/
11/2/2015,18337,18225.96,dell computers,routine,P048194,18337.pdf,5/9/16,5/17/16,5/19/16,https://www.muckrock.com/foi/chicago-169/1505-checks-cpd-18388-18424-25624/
11/2/2015,18333,15750.96,phones,routine,P084194,18333.pdf,5/9/16,5/17/16,5/19/16,https://www.muckrock.com/foi/chicago-169/1505-checks-cpd-18388-18424-25624/
11/2/2015,18340,14453.52,dell computers,routine,P084194,18340.pdf,5/9/16,5/17/16,5/19/16,https://www.muckrock.com/foi/chicago-169/1505-checks-cpd-18388-18424-25624/
11/2/2015,18331,7947.67,car repair,routine,P048194,18331.pdf,5/9/16,5/17/16,5/19/16,https://www.muckrock.com/foi/chicago-169/1505-checks-cpd-18388-18424-25624/
11/2/2015,18336,5385.0,hdmi video retrieval kits,routine,P048194,18336.pdf,5/9/16,5/17/16,5/19/16,https://www.muckrock.com/foi/chicago-169/1505-checks-cpd-18388-18424-25624/
11/2/2015,18339,12837.51,dell computers,routine,P048194,18339.pdf,5/9/16,5/17/16,5/19/16,https://www.muckrock.com/foi/chicago-169/1505-checks-cpd-18388-18424-25624/
11/2/2015,18342,8436.02,dell computers,routine,P048194,18342.pdf,5/9/16,5/17/16,5/19/16,https://www.muckrock.com/foi/chicago-169/1505-checks-cpd-18388-18424-25624/
11/2/2015,18343,8436.02,dell computers,routine,P048194,18343.pdf,5/9/16,5/17/16,5/19/16,https://www.muckrock.com/foi/chicago-169/1505-checks-cpd-18388-18424-25624/
11/2/2015,18344,8812.08,dell computers,routine,No data,18344.pdf,5/13/16,No data,No data,Personal e-mail
11/2/2015,18345,7647.9,dell computers,routine,No data,18345.pdf,5/13/16,No data,No data,Personal e-mail
11/12/2015,18357,6325.0,tmobile,routine,No data,18357.pdf,5/13/16,No data,No data,Personal e-mail
11/13/2015,18361,18561.35,davis sign company of seatle washington,???,No data,18361.pdf,5/13/16,No data,No data,Personal e-mail
11/16/2015,18362,5224.0,lexis nexis,routine,No data,18362.pdf,5/13/16,No data,No data,Personal e-mail
11/17/2015,18369,8500.0,lexis nexis,routine,No data,18369.pdf,5/13/16,No data,No data,Personal e-mail
12/2/2015,18374,110729.84,enterprise,routine,No data,18374.pdf,5/13/16,No data,No data,Personal e-mail
12/1/2015,18382,68159.5,pen-link pen registers,surveillance,No data,18382.pdf,5/13/16,No data,No data,Personal e-mail
12/4/2015,18383,15349.99,verizon wireless,routine,No data,18383.pdf,5/13/16,No data,No data,Personal e-mail
12/4/2015,18384,131783.84,meridian it,????,No data,18384.pdf,5/13/16,No data,No data,Personal e-mail
12/8/2015,18388,20683.23,phones,routine,P047442,18388.pdf,No data,No data,No data,No data
12/10/2015,18389,5355.0,lexis nexis,routine,P047442,18389.pdf,No data,No data,No data,No data
12/10/2015,18393,35192.64,dell computers,routine,P047442,18393.pdf,No data,No data,No data,No data
12/10/2015,18394,35192.64,dell computers,routine,P047442,18394.pdf,No data,No data,No data,No data
12/10/2015,18395,11250.0,dell computers,routine,P047442,18395.pdf,No data,No data,No data,No data
12/10/2015,18396,11567.7,dell computers,routine,P047442,18396.pdf,No data,No data,No data,No data
12/21/2015,18403,8500.0,lexis nexis,routine,P047442,18403.pdf,No data,No data,No data,No data
12/21/2015,18406,9894.0,motorola apex 6000 portable radios,routine,P047442,18406.pdf,No data,No data,No data,No data
12/30/2015,18422,12978.45,auto repair,routine,P047442,18422.pdf,No data,No data,No data,No data
12/30/2015,18424,15459.07,verizon wireless,routine,P047442,18424.pdf,No data,No data,No data,No data
3/1/2016,18510,600.0,membership renewal 12 officers,routine,No data,no backup yet,No data,No data,No data,No data
3/1/2016,18511,948.91,cat 5e cable,routine,No data,"""",No data,No data,No data,No data
3/1/2016,18513,400.0,real estate database,routine,No data,"""",No data,No data,No data,No data
3/1/2016,18514,932.11,pen,surveillance,No data,No data,No data,No data,No data,No data
3/1/2016,18515,94.34,at&t,routine,No data,No data,No data,No data,No data,No data
3/3/2016,18517,374.66,x2 server rack power strips,routine,No data,No data,No data,No data,No data,No data
3/9/2016,18518,34176.0,48 computers and monitors,routine,No data,No data,No data,No data,No data,No data
3/9/2016,18519,256.93,trunking line,routine,No data,No data,No data,No data,No data,No data
3/9/2016,18520,645.57,t1 data line,routine,No data,No data,No data,No data,No data,No data
3/9/2016,18521,942.11,pen reg,surveillance,No data,No data,No data,No data,No data,No data
3/9/2016,18522,115571.09,enterprise,routine,No data,No data,No data,No data,No data,No data
3/11/2016,18525,3445.2,clear,routine,No data,No data,No data,No data,No data,No data
3/11/2016,18526,478.4,hotline services,routine,No data,No data,No data,No data,No data,No data
3/11/2016,18527,1414.0,x14 license plate renewal stickers,routine,No data,No data,No data,No data,No data,No data
3/11/2016,18528,18892.43,at&t mobility,routine,No data,No data,No data,No data,No data,No data
3/11/2016,18529,714.55,comcast,routine,No data,No data,No data,No data,No data,No data
3/11/2016,18530,236.19,comcast,routine,No data,No data,No data,No data,No data,No data
3/15/2016,18533,35.42,reimbursement for city sticker,routine,No data,No data,No data,No data,No data,No data
3/15/2016,18534,3142.65,x100 cocaine test kits and swaps,routine,No data,No data,No data,No data,No data,No data
3/15/2016,18535,1800.0,x2 video forensic enhancement software,routine,No data,No data,No data,No data,No data,No data
3/15/2016,18536,33.17,gas credit card charges,routine,No data,No data,No data,No data,No data,No data
3/15/2016,18537,4039.2,x40 lemart kits,routine,No data,No data,No data,No data,No data,No data
3/22/2016,18538,7215.0,x37 hours filemaker consulting,routine,No data,No data,No data,No data,No data,No data
3/22/2016,18543,372.0,"lodging, ideoa conference",routine,No data,No data,No data,No data,No data,No data
3/22/2016,18544,372.0,"lodging, ideoa conference",routine,No data,No data,No data,No data,No data,No data
3/22/2016,18545,372.0,"lodging, ideoa conference",routine,No data,No data,No data,No data,No data,No data
3/22/2016,18546,372.0,"lodging, ideoa conference",routine,No data,No data,No data,No data,No data,No data
3/22/2016,18547,372.0,"lodging, ideoa conference",routine,No data,No data,No data,No data,No data,No data
3/22/2016,18548,372.0,"lodging, ideoa conference",routine,No data,No data,No data,No data,No data,No data
3/22/2016,18549,372.0,"lodging, ideoa conference",routine,No data,No data,No data,No data,No data,No data
3/22/2016,18550,372.0,"lodging, ideoa conference",routine,No data,No data,No data,No data,No data,No data
3/22/2016,18551,372.0,"lodging, ideoa conference",routine,No data,No data,No data,No data,No data,No data
3/22/2016,18552,372.0,"lodging, ideoa conference",routine,No data,No data,No data,No data,No data,No data
3/22/2016,18553,372.0,"lodging, ideoa conference",routine,No data,No data,No data,No data,No data,No data
3/22/2016,18554,372.0,"lodging, ideoa conference",routine,No data,No data,No data,No data,No data,No data
3/22/2016,18555,372.0,"lodging, ideoa conference",routine,No data,No data,No data,No data,No data,No data
3/22/2016,18556,372.0,"lodging, ideoa conference",routine,No data,No data,No data,No data,No data,No data
3/22/2016,18557,372.0,"lodging, ideoa conference",routine,No data,No data,No data,No data,No data,No data
3/22/2016,18558,372.0,"lodging, ideoa conference",routine,No data,No data,No data,No data,No data,No data
3/22/2016,18559,372.0,"lodging, ideoa conference",routine,No data,No data,No data,No data,No data,No data
3/22/2016,18560,372.0,"lodging, ideoa conference",routine,No data,No data,No data,No data,No data,No data
3/22/2016,18561,372.0,"lodging, ideoa conference",routine,No data,No data,No data,No data,No data,No data
3/22/2016,18562,372.0,"lodging, ideoa conference",routine,No data,No data,No data,No data,No data,No data
3/22/2016,18563,372.0,"lodging, ideoa conference",routine,No data,No data,No data,No data,No data,No data
3/22/2016,18564,372.0,"lodging, ideoa conference",routine,No data,No data,No data,No data,No data,No data
3/25/2016,18565,101639.05,x60 tasers,routine,No data,No data,No data,No data,No data,No data
3/25/2016,18566,4676.25,lexis nexis,routine,No data,No data,No data,No data,No data,No data
3/25/2016,18567,8500.0,lexis nexis,routine,No data,No data,No data,No data,No data,No data
3/25/2016,18568,45.0,pen reg,surveillance,No data,No data,No data,No data,No data,No data
3/25/2016,18569,372.11,pen reg,surveillance,No data,No data,No data,No data,No data,No data
3/25/2016,18570,914.45,vehicle repairs,routine,No data,No data,No data,No data,No data,No data
3/25/2016,18571,10660.0,conference registration cost,routine,No data,No data,No data,No data,No data,No data
3/25/2016,18572,94.33,at&t,routine,No data,No data,No data,No data,No data,No data
3/25/2016,18573,291.94,t1 data line,routine,No data,No data,No data,No data,No data,No data
3/28/2016,18574,936.0,"lodging, fbi training",routine,No data,No data,No data,No data,No data,No data
3/28/2016,18575,936.0,"lodging, fbi training",routine,No data,No data,No data,No data,No data,No data
